thread index,duration in microseconds,visited nodes
0,113477,60546
0,65069,58998
0,110,185
0,63,120
0,79682,66301
0,33493,34634
0,30290,17789
0,42,92
0,45994,23046
0,0,1
0,10,4
0,59965,45724
0,19965,19660
0,259,556
0,229,640
0,11988,12488
0,24676,25166
0,139,294
0,12387,13975
0,71,159
0,12414,15255
0,17381,19421
0,3085,4769
0,213,862
0,39,141
0,63,164
0,167,470
0,25279,26282
0,6383,9403
0,66143,65131
0,36415,32413
0,74,159
0,999,3122
0,121773,98263
0,10498,13543
0,18329,20653
0,46262,46595
0,19981,21658
0,481,1190
0,29,98
0,672,2061
0,1022,3474
0,12231,16437
0,36416,38280
0,50698,47888
0,35,54
0,31630,29215
0,18890,20622
0,4455,3598
0,13,17
0,318,824
0,50589,44935
0,107,177
0,1011,2674
0,8766,12475
0,67848,55807
0,10391,9968
0,120,265
0,153,367
0,16310,19110
0,88719,78807
0,13534,13921
0,8936,8404
0,31,46
0,30,58
0,58,121
0,534,1800
0,57854,47457
0,47552,40614
0,14,21
0,236,478
0,116,306
0,27716,30613
0,25147,27948
0,89305,77466
0,1,1
0,36637,39647
0,50784,47962
0,23,36
0,357,816
0,1493,4965
0,215,898
0,47,148
0,58,199
0,28,87
0,33,89
0,104529,98386
0,10319,12241
0,12725,13252
0,939,2402
0,769,2390
0,24376,25546
0,272,748
0,23,56
0,669,2542
0,48310,52771
0,52471,51889
0,90,170
0,48512,52378
0,7240,7538
0,16618,19030
0,81,141
0,208248,114353
0,27261,29446
0,91,150
0,25176,31200
0,176,334
0,112,285
0,22,74
0,6537,9975
0,104226,57779
0,847,2330
0,214596,76375
0,17,21
0,3749,902
0,69976,26949
0,204235,80124
0,51297,46520
0,120,215
0,1301,4480
0,60,149
0,62,177
0,40351,26593
0,458,1057
0,21011,12011
0,460,952
0,57094,26019
0,47900,21903
0,26283,13546
0,51394,57206
0,33685,38976
0,1713,5608
0,29,73
0,225,708
0,13079,17270
0,257,582
0,231,798
0,41,101
0,46001,58603
0,54,77
0,139,267
0,0,1
0,12350,17690
0,17769,23212
0,49,88
0,36335,44086
0,6091,9055
0,22641,28939
0,34,58
0,5064,8103
0,25,49
0,56446,56481
0,139,239
0,19645,18636
0,22174,23489
0,119600,109903
0,8663,1641
0,105300,99957
0,8893,12725
0,7987,11092
0,19417,26616
0,514,1291
0,10937,15859
0,42278,33596
0,1788,5772
0,31972,18863
0,43,98
0,45,89
0,43015,54898
0,31182,38459
0,267,513
0,81,227
0,49047,44759
0,26434,33404
0,2151,3576
0,36384,20226
0,8449,7112
0,5348,3935
0,0,1
0,49544,22544
0,57908,18121
0,22,45
0,153,328
0,110875,55548
0,15174,19106
0,13,23
0,5704,9286
0,44036,44540
0,119560,112236
0,1160,3803
0,14,27
0,6504,10077
0,14,28
0,50080,57282
0,73,112
0,41273,44147
0,14910,15352
0,42355,45057
0,72,138
0,39,84
0,43,93
0,16,32
0,302,732
0,17,39
0,108552,108332
0,10391,13970
0,49,99
0,16282,22072
0,59,108
0,16511,23145
0,40,83
0,27,43
0,72,142
0,453,1276
0,50066,50701
0,31645,42397
0,47992,47841
0,1067,2682
0,35317,44509
0,22612,25462
0,45,77
0,2571,1077
0,79,213
0,105,230
0,20,35
0,23439,21462
0,52227,47445
0,27061,33339
0,55,94
0,20632,16998
0,28832,16728
0,437,995
0,52,129
0,33027,23967
0,1981,3268
0,19799,26903
0,74,126
0,5605,8303
0,127843,112866
0,46106,45683
0,41562,46596
0,124,232
0,28,58
0,48029,48825
0,45907,41642
0,17701,14613
0,29,45
0,52,112
0,696,1596
0,63,155
0,38754,34915
0,41206,43085
0,44109,53561
0,539,1219
0,234,888
0,34,73
0,41636,48341
0,200,432
0,25,53
0,459,1453
0,21212,27280
0,26577,33993
0,55576,47868
0,332,738
0,80,179
0,476,1694
0,52141,63826
0,3757,5975
0,3193,5968
0,42,86
0,167,463
0,46,106
0,8691,12731
0,154,315
0,351,1063
0,17,16
0,8448,12531
0,675,1930
0,32,79
0,9,18
0,8656,12377
0,106,232
0,48,100
0,25155,35798
0,514,1276
0,17488,21652
0,8496,11624
0,18570,23284
0,424,746
0,80136,83491
0,47,75
0,998,2356
0,511,1406
0,48,134
0,11195,15419
0,61845,63737
0,769,2150
0,102,252
0,87,229
0,13069,18073
0,520,1520
0,0,1
0,370,1175
0,93,258
0,226,719
0,9370,15227
0,40,74
0,2411,4128
0,0,1
0,9020,13363
0,14614,18814
0,43001,44705
0,138,290
0,25,68
0,250,813
0,63,165
0,11473,17408
0,1689,5487
0,28,89
0,0,1
0,45383,52597
0,12922,18996
0,9322,13758
0,363,906
0,30411,37282
0,11557,15635
0,84,172
0,1054,2665
0,39,80
0,48760,56014
0,23080,28143
0,840,2444
0,442,1400
0,15542,20793
0,139,221
0,19139,26932
0,41865,44013
0,31700,40204
0,69,119
0,38971,46103
0,62684,71893
0,310,353
0,114,267
0,28254,32572
0,110,207
0,46642,52898
0,17,24
0,121,255
0,17252,21557
0,57500,65342
0,22798,28587
0,36280,42102
0,1292,3231
0,8035,11233
0,15672,19701
0,544,1721
0,8,16
0,25661,32399
0,36664,41730
0,10514,13852
0,0,1
0,5,9
0,34,52
0,90745,81298
0,49,62
0,54,94
0,34,57
0,5650,9034
0,18697,25216
0,28,38
0,87,157
0,348,753
0,73975,78010
0,13356,17106
0,67,141
0,30807,34196
0,4,6
0,1936,4717
0,44789,50755
0,9457,12404
0,38883,47090
0,242,463
0,40818,49222
0,68,105
0,3517,284
0,134697,83838
0,46,62
0,26,58
0,10456,14806
0,37336,45152
0,62,103
0,176,343
0,41,87
0,0,1
0,28258,33023
0,19360,22974
0,172,395
0,66691,71389
0,61184,68191
0,39124,46380
0,53,78
0,22438,27419
0,45602,51038
0,35317,39937
0,26,55
0,65,114
0,53721,62952
0,47392,52271
0,45539,46793
0,132,244
0,16529,19971
0,18431,24125
0,16,13
0,40,87
0,10,18
0,42,80
0,183,411
0,57,141
0,13,32
0,8,6
0,48795,53857
0,48542,51125
0,4757,6585
0,62,204
0,82572,74021
0,11,22
0,19,26
0,5813,8610
0,67227,67972
0,60,98
0,827,2766
0,22296,26701
0,103,192
0,118724,112253
0,44075,46641
0,47991,48116
0,45272,45942
0,43,59
0,111975,102303
0,4,6
0,25,36
0,55944,53865
0,83,118
0,735,2076
0,93,359
0,35880,39305
0,180,407
0,40855,48604
0,806,2403
0,214,577
0,656,2262
0,102,275
0,47,172
0,25901,30944
0,10095,12981
0,234,616
0,3420,5157
0,37,89
0,1136,3562
0,45984,53572
0,34187,37278
0,52,36
0,91172,99057
0,96,164
0,36950,42462
0,22465,26607
0,110,223
0,20221,24796
0,1489,4649
0,10820,13964
0,13138,15170
0,72,122
0,127,264
0,31,64
0,354,1016
0,434,1265
0,51,116
0,53978,60816
0,11528,15258
0,14240,21320
0,29723,37157
0,101,173
0,14772,20118
0,77,147
0,41118,50101
0,3814,5768
0,48215,53620
0,5578,8283
0,95,215
0,16,27
0,72,180
0,44821,50527
0,56,98
0,15467,21209
0,53,94
0,120,234
0,63,127
0,72,168
0,1047,3290
0,8,16
1,37958,16681
1,126,200
1,32,53
1,8049,9798
1,11141,12613
1,19711,17761
1,768,916
1,116741,81930
1,30,48
1,296,816
1,80347,64612
1,797,1154
1,31,69
1,13067,17331
1,12202,14898
1,1212,3310
1,2,5
1,46270,47131
1,138401,101129
1,77,90
1,104244,40999
1,75691,81601
1,5699,8761
1,2766,4397
1,38905,42781
1,569,1172
1,51,121
1,69,184
1,32196,35585
1,20,32
1,60,98
1,14002,18794
1,24198,24171
1,215011,93768
1,89,158
1,0,1
1,69,133
1,11,22
1,23095,30525
1,48,90
1,47102,55276
1,83,155
1,5584,8960
1,3325,5569
1,36806,43495
1,0,1
1,7625,11890
1,34000,43621
1,1042,2837
1,360,1195
1,60,123
1,19122,24952
1,22489,28058
1,288,844
1,241,863
1,38,136
1,2550,4473
1,12814,19636
1,34120,39654
1,226697,93948
1,48,76
1,25419,21439
1,43,45
1,44131,47541
1,62,112
1,40,87
1,15216,22150
1,2230,4720
1,12577,17341
1,22534,18952
1,89722,41259
1,20258,26899
1,828,2400
1,0,1
1,1432,5141
1,25,33
1,94089,53149
1,49,78
1,125,248
1,4027,6307
1,39242,44152
1,50432,64122
1,959,2062
1,132,343
1,46407,26042
1,299,625
1,2009,698
1,143,396
1,84,272
1,65,159
1,116,317
1,46195,53803
1,7030,9704
1,8479,12276
1,55675,65065
1,415,906
1,26584,34639
1,66,113
1,29050,25033
1,160,318
1,65087,73210
1,375,763
1,31938,45125
1,79498,74688
1,63,100
1,44,84
1,107,229
1,58,164
1,268,642
1,36769,45760
1,19,35
1,151,367
1,18041,25796
1,0,1
1,28,53
1,46235,53529
1,4,3
1,63,109
1,28005,40759
1,81,139
1,28,48
1,10328,13024
1,50,100
1,13165,16922
1,27572,31956
1,99385,89156
1,5247,7001
1,49404,57128
1,94,153
1,33,58
1,35,62
1,636,1901
1,17576,25377
1,101311,103397
1,22638,28845
1,0,1
1,67,127
1,42093,42834
1,5554,8486
1,325,832
1,102,281
1,34702,42098
1,9687,13687
1,36,103
1,19354,27966
1,3542,5579
1,1,1
1,510,1491
1,24532,27694
1,50411,55369
1,16457,21813
1,9512,12255
1,42038,45673
1,17357,19634
1,11079,14605
1,15618,19641
1,22994,26668
1,39638,26444
1,99843,52584
1,123,210
1,55,105
1,27,52
1,18701,26690
1,80,170
1,53,111
1,88,281
1,15506,22925
1,278,610
1,4480,7300
1,7996,13294
1,13690,20257
1,3163,5298
1,42,93
1,26,32
1,189,557
1,54,91
1,1504,2897
1,1306,2525
1,89,278
1,23,68
1,44868,46600
1,1063,3822
1,10130,16069
1,9922,15000
1,111505,63967
1,16152,22368
1,28,58
1,126,334
1,30479,47569
1,18630,27350
1,12878,18988
1,7053,10940
1,40,97
1,31483,45832
1,9057,13979
1,28726,38418
1,52724,28686
1,26911,16373
1,4408,2730
1,394,1154
1,46290,24784
1,49929,47352
1,548,1632
1,10435,17640
1,84062,99165
1,23291,28173
1,42237,32146
1,60,87
1,14183,10053
1,174772,94685
1,64,120
1,20,29
1,704,2102
1,13608,26495
1,12618,16651
1,155,349
1,18,33
1,26983,35158
1,7714,12548
1,588,2179
1,27,90
1,413,1491
1,103137,92528
1,105675,47084
1,57656,26473
1,88,148
1,8476,7282
1,28609,14906
1,109949,46583
1,103737,45961
1,17,24
1,146,284
1,99,251
1,40839,18972
1,3391,79
1,22570,13771
1,113507,48204
1,27659,15854
1,48,92
1,80,223
1,30,81
1,58,131
1,8858,8452
1,1880,542
1,19761,12053
1,67,102
1,118994,47277
1,104586,59090
1,331,779
1,11094,14395
1,25464,28799
1,299,650
1,176640,106577
1,17706,21298
1,32921,37267
1,14156,19211
1,586,1403
1,26604,31071
1,77175,35014
1,26,48
1,90,181
1,105,213
1,55,139
1,134011,71127
1,52834,50653
1,13609,18349
1,39,71
1,1275,3935
1,17763,24161
1,5924,9077
1,789,2199
1,2898,5077
1,15968,23872
1,61,143
1,1135,2973
1,110557,48161
1,25482,15161
1,990,2672
1,1024,3418
1,91,237
1,38071,19801
1,26976,33995
1,124,223
1,36,66
1,252,848
1,22639,31790
1,59363,70961
1,69,118
1,11575,16542
1,109,239
1,115647,51729
1,457,939
1,75,179
1,20153,10980
1,286,785
1,90719,71592
1,54850,63263
1,112720,109883
1,20,22
1,143,337
1,55,111
1,22,47
1,128877,117421
1,138,211
1,114,348
1,428,1194
1,47243,48662
1,45263,54638
1,39689,44411
1,4927,6589
1,38750,42298
1,18852,22172
1,49741,52057
1,47632,46726
1,23,33
1,24280,28848
1,0,1
1,28656,33887
1,19276,27596
1,97,164
1,24077,28553
1,0,1
1,10753,13008
1,49803,60501
1,41741,46176
1,423,917
1,62,170
1,14155,19688
1,12131,15958
1,26664,30307
1,29920,36484
1,114,178
1,651,1626
1,11354,15447
1,27,45
1,17278,22562
1,47750,26768
1,115,187
1,238,560
1,20478,12451
1,113878,72451
1,689,2126
1,110,184
1,62253,69152
1,17001,20638
1,18204,21525
1,233,568
1,67,177
1,23,54
1,12286,16508
1,1,1
1,10,8
1,12080,16679
1,12003,15389
1,49,87
1,54529,66946
1,0,1
1,221,514
1,4131,5899
1,25115,30119
1,53,83
1,53,101
1,34,80
1,64713,76989
1,1505,2311
1,11641,15948
1,108,219
1,8345,12193
1,13465,17150
1,54,83
1,96,188
1,26863,39543
1,23999,26668
1,17938,23026
1,3403,5125
1,1223,3817
1,87774,35050
1,22416,23997
1,97861,97268
1,1665,4763
1,74,180
1,29285,32143
1,48,73
1,8520,12235
1,53076,63221
1,21057,26717
1,91,164
1,37399,40576
1,36192,44610
1,29694,34349
1,12131,16889
1,21933,28526
1,40336,46733
1,8151,11311
1,125,266
1,34954,42319
1,41361,45720
1,128503,109364
1,92,150
1,357,991
1,17937,23713
1,24706,28602
1,19909,23835
1,34379,36560
1,50,67
1,0,1
1,34,55
1,38,60
1,107,247
1,458,1253
1,13,34
1,212,738
1,14833,20228
1,1424,3263
1,47,108
1,44,87
1,74,261
1,45,151
1,21628,27111
1,3924,6123
1,68127,67873
1,20098,24699
1,18,25
1,62,96
1,9716,12532
1,109830,99945
1,75,107
1,5482,7712
1,75376,78687
1,38421,42466
1,70,106
1,22300,28455
1,33212,41620
1,8679,11400
1,103,222
1,6545,10325
1,1,1
1,0,1
1,41818,49449
1,205,435
1,131,319
1,66,186
1,33,72
1,73,299
1,13,26
1,48,148
1,42,109
1,22722,31416
1,12280,16634
1,425,1079
1,17,34
1,122161,116135
1,111261,111644
1,60461,71092
1,67,127
1,14360,20272
1,236,547
1,0,1
1,51,129
1,20248,27262
1,16794,22615
1,25802,33780
1,41106,48673
1,31216,53747
1,0,1
1,28634,55270
1,7678,15249
1,765,1894
1,31847,62911
1,7415,15615
1,47,146
1,19105,40631
1,10546,22008
1,41,132
1,7290,16826
1,19827,41027
1,4313,10547
1,6,18
1,124,439
1,5546,12518
1,67,243
1,30,122
1,41146,98359
1,8525,19045
1,13351,34202
1,4130,10010
1,994,4952
1,13264,30921
1,43762,99493
1,305,1081
1,24325,52740
1,23745,50730
1,13,34
1,20614,43514
1,5323,12676
1,30,95
1,23,79
1,17696,40664
1,12418,30981
1,512,2555
2,208,146
2,102573,44768
2,20273,22226
2,188080,102608
2,329,886
2,62224,58946
2,35465,37812
2,82,157
2,57,111
2,20762,24120
2,37,59
2,820,2322
2,22064,24131
2,161,376
2,52,140
2,67188,50776
2,82,103
2,1509,4718
2,6836,9327
2,141,374
2,1075,1864
2,15,33
2,91,249
2,32,93
2,591,2280
2,40358,45758
2,46,94
2,77,144
2,8689,12352
2,14117,19643
2,18,32
2,56,100
2,20,34
2,13819,18905
2,10,14
2,21183,27185
2,0,1
2,6640,9499
2,9637,12906
2,57419,57971
2,62,113
2,16760,20501
2,432,1161
2,83,223
2,27368,32512
2,10,12
2,66127,63861
2,51031,58366
2,38512,43536
2,373,981
2,65759,70762
2,253,567
2,21716,26096
2,13510,19186
2,42729,44865
2,119,223
2,11974,15870
2,68,115
2,13098,17657
2,93,179
2,1327,3903
2,239,698
2,13650,17928
2,46205,54117
2,43661,52173
2,309,782
2,43,106
2,17082,21939
2,100497,103102
2,42775,32083
2,77504,39177
2,23132,28715
2,1644,5524
2,2714,5149
2,36,72
2,16209,23595
2,21,28
2,609,1587
2,22588,30273
2,43,72
2,25727,34348
2,104,213
2,39,90
2,65,167
2,10660,17794
2,94967,44804
2,314,747
2,42907,51682
2,20627,28118
2,35239,43310
2,216,434
2,6748,11230
2,17884,24718
2,28,47
2,99,223
2,51,103
2,44490,54812
2,41,87
2,14738,20145
2,27205,34864
2,627,1651
2,28081,36455
2,94026,78550
2,14323,19487
2,40498,46255
2,194,360
2,34,75
2,39409,42704
2,743,2116
2,52163,63915
2,83,155
2,26534,35295
2,163,382
2,19047,24699
2,40532,48092
2,154778,117199
2,432,990
2,10738,5291
2,940,2999
2,108298,96110
2,4195,6024
2,52,164
2,50,146
2,206,698
2,73,179
2,56,154
2,78203,86555
2,21867,25937
2,40418,44749
2,35364,41860
2,4,5
2,494,1416
2,15,35
2,311,1055
2,58,127
2,52,151
2,13487,17738
2,44615,52739
2,44181,50198
2,121,226
2,27495,33525
2,402,890
2,33304,40976
2,14839,21100
2,118,225
2,50,92
2,62227,67859
2,23,36
2,167,367
2,109479,99639
2,47049,50527
2,83979,35450
2,42719,32431
2,111263,101471
2,16300,21210
2,24,42
2,966,2739
2,487,1403
2,58183,65074
2,56,81
2,12152,18296
2,14045,18830
2,772,2245
2,7027,10090
2,673,2007
2,12945,17486
2,277,706
2,1,1
2,12019,17832
2,1,1
2,84811,93812
2,813,2606
2,12656,18824
2,18888,24901
2,26867,34233
2,41856,40328
2,41113,44433
2,29029,31611
2,98,230
2,103288,95909
2,38,64
2,21,48
2,46,95
2,14,20
2,5133,7410
2,32435,14366
2,80,134
2,55,125
2,95553,79085
2,59189,67614
2,668,1615
2,14335,19187
2,34,66
2,10283,14598
2,26,33
2,18273,24750
2,21929,25338
2,257,687
2,19,34
2,42699,46355
2,81,142
2,1,1
2,15135,20768
2,114,206
2,26,54
2,33,89
2,29260,35378
2,2613,3746
2,189,533
2,27392,37010
2,129,268
2,66,137
2,162,360
2,46160,48167
2,21919,26188
2,849,2449
2,163,428
2,56,104
2,125,299
2,66423,76787
2,44949,52931
2,45622,43707
2,57,68
2,77472,79068
2,9650,13108
2,20800,23657
2,5926,5636
2,13914,12055
2,19,25
2,356,926
2,68,188
2,11,28
2,306,1217
2,20089,23421
2,2943,4804
2,1229,4735
2,1,1
2,0,1
2,64636,62770
2,122035,49154
2,106,195
2,25,51
2,118230,46896
2,137817,102155
2,5239,7371
2,30,78
2,572,1763
2,10391,14496
2,65,140
2,99,214
2,256,765
2,5696,9567
2,98,294
2,9405,14003
2,99,239
2,6407,10125
2,349,776
2,114064,61998
2,95069,39728
2,0,1
2,33,50
2,273671,100985
2,31,36
2,138675,110722
2,7797,10500
2,712,1924
2,201,584
2,11324,15706
2,25774,32766
2,17,24
2,9141,14121
2,160,465
2,31177,30170
2,33275,18517
2,72,114
2,3930,1713
2,302,808
2,75429,34100
2,290,671
2,30812,15656
2,301734,111241
2,130,241
2,41,84
2,66,152
2,29,98
2,554,1994
2,16761,22568
2,21,29
2,69146,74477
2,83,160
2,3610,5790
2,34613,42157
2,93073,66623
2,20002,11262
2,45,73
2,30,65
2,61649,43867
2,19,27
2,372,1111
2,12,27
2,10934,15108
2,200,482
2,1636,4847
2,50,143
2,540,2103
2,56063,60143
2,21516,29761
2,88060,90553
2,42,64
2,174,350
2,44783,47164
2,22,46
2,48738,54690
2,18477,23462
2,60,122
2,44229,48010
2,953,2242
2,25,53
2,42,125
2,12169,16156
2,18928,22878
2,1085,2894
2,24474,29148
2,68,107
2,45,84
2,152,332
2,294,906
2,44,97
2,241,812
2,20,64
2,29,77
2,100,266
2,22,43
2,23453,30771
2,40,48
2,6588,9528
2,194,445
2,92,216
2,1,1
2,526,1791
2,0,1
2,758,2715
2,1664,2499
2,79,214
2,23,50
2,31624,37485
2,229,447
2,5076,7209
2,21911,26574
2,77,119
2,1110,3215
2,16,27
2,51972,50794
2,34055,38922
2,41666,42666
2,60,87
2,120,148
2,77,107
2,138889,95027
2,21,27
2,239,600
2,84,180
2,68623,76805
2,291,779
2,20887,27251
2,537,1400
2,34,72
2,103498,81994
2,77467,72569
2,47149,47295
2,49157,46400
2,27086,29395
2,10,17
2,9,11
2,33430,37887
2,808,2401
2,60666,60507
2,18027,22622
2,76,169
2,121283,117903
2,655,2108
2,366,1158
2,8385,12648
2,3241,5098
2,248,633
2,7952,12487
2,91853,72018
2,16080,19961
2,47569,46119
2,275,564
2,11662,15843
2,7611,9865
2,10621,13315
2,151,334
2,59,135
2,66,162
2,212,577
2,64506,72160
2,92101,93562
2,9664,14771
2,57,99
2,60003,65062
2,21251,23772
2,60,96
2,41403,47601
2,19424,23464
2,265,606
2,7057,10802
2,38671,44850
2,62499,60077
2,18081,21669
2,79,156
2,151,382
2,12013,17074
2,17930,23389
2,53035,52966
2,40,69
2,20450,24222
2,957,2274
2,9157,12722
2,93823,89585
2,8435,12240
2,10595,14141
2,52563,53638
2,178,333
2,277,728
2,3802,5786
2,59,194
2,16523,21232
2,1265,2925
2,0,1
2,11,28
2,51847,65342
2,21012,25543
2,81,128
2,61,152
2,84,185
2,21174,24474
2,4913,8090
2,27,50
2,125,387
2,45,104
2,41929,45917
2,8520,13064
2,86,332
2,10400,17457
2,54642,80999
2,1147,3301
2,69553,82402
2,83,155
2,36507,44891
2,38,50
2,7214,11175
2,51,94
2,8091,12435
2,26778,33594
2,6,12
2,527,1255
2,18936,26149
2,7507,9947
2,543,1831
2,21,49
2,87,270
2,72,177
2,18008,24868
2,117,236
2,26492,34389
2,36566,41901
2,15,20
2,0,1
2,30,48
2,10341,13564
2,5057,8246
2,41,57
2,0,1
2,34,64
2,85130,91444
2,84,153
2,15,24
2,60319,70577
2,68,118
2,0,1
2,4844,7916
2,27347,36983
2,19,30
2,25,45
2,197,384
2,17719,25924
2,45068,55744
2,9153,14758
2,23,35
2,62,152
2,40018,46733
2,32626,47477
2,1703,3424
2,0,1
2,74,206
2,28851,41834
2,10018,16844
2,26040,48168
3,79148,37277
3,342,390
3,21518,24717
3,56407,46899
3,177966,111529
3,81,135
3,38,67
3,9058,11711
3,12879,15220
3,804,2655
3,27413,27845
3,25174,28279
3,33,47
3,171,372
3,139,447
3,6934,9001
3,51,100
3,52371,46097
3,61450,54504
3,320,892
3,109,400
3,52,124
3,17259,18481
3,569,1034
3,23383,29565
3,59,106
3,212,682
3,16970,20681
3,55,81
3,46,88
3,13162,17634
3,18902,22561
3,14859,19749
3,65950,65079
3,47,66
3,325,867
3,11450,14000
3,38663,41276
3,101,154
3,60,122
3,160,360
3,18,39
3,18029,20671
3,3482,5648
3,83552,79203
3,11679,14127
3,0,1
3,31527,35690
3,58272,48192
3,89,167
3,24508,25393
3,195,325
3,72368,62281
3,34555,35513
3,1119,2869
3,88,232
3,37,98
3,57,180
3,32,97
3,32375,33722
3,153267,90346
3,829,2232
3,52,120
3,66,181
3,23,52
3,302,913
3,55,110
3,17821,23408
3,343,791
3,11,18
3,860,2681
3,26,64
3,17980,21950
3,63,120
3,92,192
3,300,927
3,72131,60566
3,42011,29352
3,43308,38545
3,56236,48237
3,474,1321
3,70,189
3,110,345
3,89,270
3,27342,36542
3,136,258
3,2005,3624
3,10341,16608
3,94,260
3,17,51
3,19346,16072
3,39202,39498
3,13846,16817
3,18128,23286
3,33820,27999
3,23349,19662
3,27734,15794
3,270,574
3,59292,46677
3,9428,12996
3,299,722
3,167,434
3,148,392
3,191488,112076
3,164,306
3,86124,35380
3,23004,12058
3,247,510
3,82452,52279
3,85812,78525
3,33,33
3,90,162
3,0,1
3,0,1
3,17469,20784
3,28139,31049
3,15950,19170
3,605,1573
3,0,1
3,37395,41345
3,202,446
3,85013,71369
3,86350,32996
3,361,952
3,85,199
3,64,153
3,86315,45890
3,157965,110200
3,1062,2800
3,23086,29795
3,18656,13291
3,36014,17169
3,299,851
3,93972,38346
3,37069,18621
3,122705,104853
3,11290,14612
3,52792,54651
3,114,159
3,119,276
3,30843,33929
3,30625,33912
3,282,626
3,14328,19129
3,277,652
3,59518,62379
3,20620,23815
3,17008,20723
3,109354,96659
3,11517,15231
3,154,383
3,25,68
3,78175,75067
3,17871,19702
3,16728,19491
3,18725,23246
3,31577,39220
3,241,480
3,54164,56298
3,0,1
3,29571,32848
3,38119,41999
3,36,66
3,48,95
3,1542,3869
3,85013,82821
3,76,129
3,38303,40041
3,85,135
3,6014,8391
3,51057,55812
3,16856,20353
3,28978,29807
3,117,159
3,62397,63708
3,702,1700
3,30,58
3,67,288
3,34670,38437
3,15777,19929
3,88928,89041
3,20248,23455
3,54,94
3,11333,14924
3,36575,39822
3,1072,2948
3,39,105
3,33542,38080
3,9129,12914
3,825,2014
3,194,720
3,44,120
3,88,323
3,55946,56379
3,354,622
3,17,31
3,873,2231
3,115,333
3,123332,111948
3,72228,80297
3,29,44
3,19307,24011
3,7851,9466
3,0,1
3,29867,33965
3,307,670
3,179,463
3,42162,46586
3,463,1192
3,310,1000
3,31232,16005
3,65749,53703
3,7111,10207
3,115524,47243
3,69,111
3,18,40
3,342,831
3,24,77
3,10,19
3,578,1712
3,29287,27539
3,370,1048
3,18360,23878
3,50,81
3,34322,37094
3,5098,8303
3,23253,27838
3,0,1
3,1405,4438
3,42622,46809
3,14346,17921
3,108,217
3,23682,31905
3,847,2382
3,41292,45159
3,8567,11415
3,45727,47076
3,4955,6765
3,38,65
3,128,307
3,59266,56584
3,509,1115
3,32,89
3,28,69
3,74,180
3,8,22
3,52476,50675
3,2085,3031
3,71,152
3,272,758
3,74867,77786
3,50387,48193
3,5518,8577
3,33582,32754
3,70760,30059
3,201920,101344
3,0,1
3,11976,6799
3,112,208
3,144064,96361
3,107,214
3,59189,60680
3,18,27
3,7324,10365
3,21,36
3,48061,47497
3,20760,26428
3,856,2223
3,15435,22827
3,10546,15329
3,20016,24735
3,29,28
3,137,296
3,11189,15036
3,16487,21351
3,101,185
3,83693,85973
3,32,41
3,47440,53947
3,204,407
3,58874,64733
3,37,59
3,64913,72005
3,18587,25100
3,31047,33763
3,51461,54023
3,39,48
3,44684,45747
3,12074,15679
3,1568,3871
3,34,83
3,6840,9529
3,67,154
3,7561,11722
3,134,294
3,8,10
3,7406,10129
3,75,154
3,39,74
3,173,449
3,51,112
3,33,76
3,45,122
3,28,61
3,325,1239
3,8540,10253
3,91652,92502
3,426,927
3,145,348
3,114246,102968
3,33209,35958
3,143,264
3,13921,18504
3,12436,15695
3,304,841
3,8540,12864
3,27935,27794
3,23,31
3,2014,3352
3,13134,18265
3,102,164
3,11,22
3,27,59
3,412,1429
3,29,77
3,125,402
3,50299,53566
3,10080,13433
3,10736,14688
3,159,309
3,35286,38476
3,852,2244
3,78,228
3,91,204
3,107,266
3,80,242
3,25931,31249
3,402,874
3,30,76
3,93790,84973
3,77,113
3,72847,76291
3,45034,51248
3,41992,40973
3,8,8
3,51422,51654
3,96312,93742
3,92,156
3,34,55
3,244,739
3,68538,72000
3,5056,6751
3,0,1
3,0,1
3,16460,20308
3,37973,42308
3,17312,21772
3,30346,35912
3,66036,69653
3,99237,97104
3,36584,43181
3,11997,16063
3,26,51
3,71997,74856
3,46,58
3,1176,2842
3,237,712
3,21,77
3,45055,46310
3,26666,33669
3,12360,14375
3,21540,25584
3,10377,12061
3,21662,25700
3,284,611
3,26,52
3,17864,21083
3,20967,28874
3,20,26
3,359,773
3,24213,29655
3,14888,18840
3,592,1762
3,52835,46381
3,124729,111076
3,21,31
3,88,146
3,31,53
3,123,248
3,6456,8947
3,101,206
3,9885,12202
3,12082,14154
3,103,164
3,48738,48902
3,295,559
3,89241,81527
3,46,64
3,21750,23811
3,13434,18393
3,219,143
3,16219,20380
3,10611,13686
3,0,1
3,55,99
3,27,94
3,25503,27685
3,184,297
3,1,1
3,57685,58931
3,11687,15347
3,96961,86579
3,692,1704
3,22839,22848
3,26,38
3,61923,62077
3,51329,56470
3,143,254
3,134,343
3,42797,41159
3,19979,23489
3,23108,26183
3,32588,35667
3,7984,12122
3,108,220
3,369,931
3,5476,8374
3,953,1672
3,26,75
3,14386,20094
3,41992,43557
3,580,1669
3,71941,74367
3,54,88
3,51443,52659
3,50240,50349
3,503,1377
3,2654,4210
3,11774,15777
3,245,503
3,16,37
3,0,1
3,151,400
3,8325,12106
3,23475,29338
3,154,302
3,17,30
3,172,471
3,94,257
3,36217,42414
3,338,1038
3,75,146
3,269,881
3,28139,35291
3,26144,35634
3,15651,20799
3,16575,23664
3,8205,12623
3,71,161
3,102601,109224
3,30298,42010
3,37689,48675
3,7036,10422
3,7749,12722
3,2308,3686
3,23,44
3,8705,17457
3,169,649
3,41637,71170
3,62,136
3,73,205
3,3308,7445
3,35,112
3,43,154
3,16,41
3,13746,25337
3,43,105
3,7843,16731
3,66,183
3,11698,23137
3,647,2427
3,6775,13826
3,8065,17415
3,40,138
3,12051,25001
3,102,322
3,54,173
3,5900,13860
3,28712,58065
3,3081,6723
3,32,125
3,6271,13680
3,7625,17015
3,26,71
3,758,3634
3,20,56
3,14071,34234
3,987,5569
3,13,34
3,94,460
4,79,78
4,119829,57362
4,12999,15072
4,7545,9337
4,243,515
4,23,33
4,358,989
4,43,84
4,5786,7735
4,16909,21467
4,58847,49563
4,13621,12265
4,209,209
4,1369,1123
4,54164,46225
4,52,75
4,16,25
4,1090,3104
4,175,483
4,61415,52417
4,1,1
4,16784,21408
4,15,23
4,1251,3955
4,10,19
4,135953,92415
4,13,23
4,57975,62443
4,16539,22829
4,85895,50223
4,132617,53677
4,20849,12166
4,127103,52695
4,175,335
4,290,747
4,196992,78619
4,50,75
4,118,264
4,57,140
4,360,1103
4,19664,15365
4,23474,13302
4,7,5
4,83392,38332
4,98926,60585
4,65795,80496
4,15849,23073
4,21218,30050
4,160865,104287
4,19353,27656
4,0,1
4,7550,13270
4,72,171
4,60,164
4,92572,103909
4,57,101
4,1229,3794
4,9659,15409
4,0,1
4,116,357
4,36,79
4,114852,69947
4,27391,14574
4,30,50
4,73,175
4,35182,19776
4,225,618
4,136,317
4,15,35
4,1,1
4,0,1
4,88963,93198
4,14,19
4,37666,45847
4,16,18
4,11477,15763
4,10630,15465
4,637,2066
4,130880,69576
4,38830,21450
4,43,63
4,51030,53430
4,68722,74876
4,19840,26214
4,16284,21893
4,67,128
4,5658,9538
4,100,246
4,115191,114030
4,30562,34027
4,19502,25323
4,401,1035
4,34618,40657
4,97,165
4,53695,59347
4,121304,117000
4,13748,18001
4,43,66
4,1,1
4,29,64
4,44464,45547
4,40784,44378
4,36254,40261
4,9048,13393
4,306,722
4,41604,51627
4,32,55
4,198,463
4,11552,15607
4,59,124
4,32239,36626
4,43754,52905
4,383,1013
4,31959,41003
4,6391,9306
4,28435,38799
4,87720,59642
4,47735,23373
4,66371,32846
4,201902,78920
4,102381,49755
4,136,214
4,37704,40397
4,37,67
4,256,591
4,53,130
4,28866,35493
4,5483,8860
4,428,1369
4,59834,64277
4,91,171
4,37,71
4,37268,29089
4,75029,35735
4,657,1719
4,192,722
4,203616,71834
4,61200,28935
4,128361,51196
4,245,489
4,478,1507
4,219,613
4,53,130
4,160,706
4,134051,56793
4,4354,6710
4,29,63
4,905,4037
4,710,2182
4,9467,14299
4,30050,34955
4,13328,19139
4,62,122
4,11657,15728
4,95,201
4,40886,45760
4,24991,26058
4,150,304
4,1609,6244
4,122,387
4,122914,117071
4,11927,19795
4,32,50
4,174,386
4,22,41
4,137,366
4,8055,11565
4,28,55
4,98,220
4,13303,19099
4,12521,16866
4,100,211
4,57,134
4,39095,48810
4,10546,14589
4,41149,49396
4,377,1095
4,11,24
4,16059,22567
4,79,145
4,8977,13392
4,13,25
4,27,42
4,64,119
4,66,144
4,22,39
4,4125,6618
4,13905,19221
4,936,3260
4,59877,63287
4,18332,25654
4,78,141
4,73,152
4,11894,16276
4,25035,33298
4,14099,20888
4,28,53
4,200,477
4,24,50
4,107807,110811
4,64,129
4,61,108
4,21839,29085
4,37198,41042
4,264,570
4,39318,39745
4,102267,101241
4,41,63
4,28401,34122
4,250,618
4,19045,25965
4,52034,52359
4,17614,23540
4,22919,29134
4,134,355
4,9,14
4,30,53
4,63341,62111
4,79,135
4,223,519
4,284,905
4,9,28
4,362,995
4,56,152
4,15,34
4,88277,94796
4,15684,20062
4,18749,24047
4,144,289
4,40,93
4,12984,18775
4,162,346
4,223,500
4,26559,33289
4,13866,20189
4,16874,24146
4,12514,17740
4,93,218
4,18192,23006
4,200,402
4,35643,41282
4,1055,3266
4,11102,16717
4,19952,26030
4,525,1377
4,21,47
4,13455,18917
4,110,237
4,14,28
4,118,282
4,130,339
4,21106,27172
4,24471,29160
4,38,73
4,3206,5127
4,14587,21196
4,15836,21861
4,44540,51563
4,9363,13141
4,10396,14824
4,83,144
4,53819,25700
4,141,264
4,290,445
4,25751,15719
4,64,101
4,459,1467
4,98,281
4,29,79
4,10,24
4,257,1045
4,36150,27895
4,46,96
4,25946,29776
4,28726,34323
4,16357,21075
4,967,1453
4,10,21
4,21,57
4,77639,82416
4,55,94
4,42805,51518
4,12326,16454
4,11257,15796
4,21181,25139
4,98,184
4,22447,29884
4,14081,17928
4,19177,23853
4,234,572
4,130,335
4,18680,24010
4,108,225
4,20,25
4,100965,99093
4,1545,2061
4,67,178
4,51,117
4,0,1
4,93381,91372
4,40,78
4,148,237
4,8844,11815
4,22821,28304
4,34,62
4,45112,48676
4,38908,42188
4,44058,49666
4,0,1
4,610,1617
4,23235,29075
4,22,33
4,120,214
4,213,650
4,24,59
4,66,220
4,42,117
4,48,122
4,14583,20041
4,17908,22367
4,416,974
4,21,52
4,38496,45852
4,45043,46934
4,94521,46007
4,34542,15635
4,59886,36457
4,44086,49415
4,27,38
4,47010,50433
4,10,15
4,27,44
4,520,1627
4,67,145
4,39,82
4,4830,7595
4,212,660
4,8774,13228
4,87654,96391
4,9890,12860
4,10304,14344
4,42946,55487
4,59796,33970
4,53033,25340
4,51854,34646
4,45733,53736
4,12589,16496
4,1260,3107
4,20909,27666
4,14302,18224
4,185,392
4,23602,30911
4,664,1628
4,116,322
4,20896,25487
4,76,115
4,0,1
4,12076,15961
4,46679,51515
4,62067,72837
4,15140,18601
4,36503,47596
4,85,163
4,10768,14294
4,7643,10438
4,53,112
4,36,82
4,39,90
4,11223,16201
4,24,45
4,39,78
4,52597,54728
4,791,1924
4,21138,27479
4,9590,12167
4,67,137
4,21562,26249
4,19944,25935
4,131,287
4,9059,12366
4,75,197
4,1129,3504
4,138,305
4,9862,14027
4,21,37
4,47169,54392
4,116,220
4,87,151
4,58,115
4,13226,17182
4,14553,17766
4,227,430
4,12503,17266
4,157,278
4,255,777
4,2576,4484
4,17874,24089
4,107,162
4,70605,75351
4,41,72
4,21587,27814
4,309,654
4,13,31
4,23,39
4,38239,42197
4,66,113
4,21,39
4,125,250
4,232,676
4,262,1004
4,8512,12267
4,11745,15353
4,16880,20655
4,635,1743
4,138,361
4,50,135
4,28079,35607
4,1820,3777
4,41,74
4,317,815
4,69,201
4,122418,110723
4,1101,3013
4,54009,56465
4,104,178
4,65,178
4,3,10
4,32446,35620
4,13060,19162
4,5,8
4,38918,45359
4,26465,31712
4,81,141
4,46033,50336
4,99381,96256
4,66082,68763
4,77,117
4,1299,3526
4,1,1
4,76,182
4,39030,37795
4,45450,45559
4,34617,40506
4,129,205
4,5387,7868
4,87,183
4,15,33
4,54,100
4,29,89
4,43230,44923
4,4,4
4,2,6
4,4216,6259
4,0,1
4,142,336
4,365,1341
4,56,135
4,34812,47025
4,26799,34343
4,11409,16178
4,5,5
4,318,775
4,12005,16379
4,46956,51899
4,6636,10015
4,38452,48079
4,9093,12128
4,43471,46860
4,7736,10555
4,53686,60660
4,17,20
4,109,229
4,31,72
4,615,1066
4,32792,41691
4,47908,54342
4,19491,26213
4,31501,39622
4,40,73
4,55,94
4,60,140
4,537,1449
4,40072,48341
4,60,109
4,45,106
4,16195,25185
4,11729,16887
4,24742,34218
4,486,1276
4,14187,26672
4,55060,67083
4,74,155
4,3811,6219
4,20023,28025
4,6512,13233
4,72,219
4,29,70
4,53873,90671
4,32014,60054
4,2,4
5,1,1
5,41,33
5,778,294
5,52907,29275
5,582,1028
5,40560,28457
5,42,39
5,52314,36166
5,12178,15051
5,37,36
5,101,172
5,13930,15404
5,101,177
5,95,161
5,52125,51361
5,474,1061
5,64,112
5,60902,44872
5,166244,68014
5,19290,10418
5,178413,92297
5,31010,36191
5,34389,42305
5,10117,12303
5,29742,35111
5,634,1311
5,23,46
5,73593,79211
5,26,55
5,22131,26728
5,6,9
5,37629,44776
5,64268,75517
5,70,123
5,88371,75973
5,14743,17970
5,23666,29456
5,49,102
5,6831,9019
5,51323,55785
5,33267,40837
5,303,667
5,64,157
5,26,67
5,352,950
5,293,119
5,17,38
5,24,57
5,57,197
5,23088,30377
5,24459,28536
5,94,183
5,29,57
5,48865,46893
5,54485,64927
5,259,580
5,2,4
5,17,37
5,84,195
5,663,2226
5,17,36
5,19,46
5,17594,24138
5,0,1
5,96,139
5,20478,24895
5,7226,9635
5,794,1412
5,72676,83062
5,326,819
5,645,2553
5,399,1354
5,38,83
5,11613,15013
5,120,295
5,32,70
5,11,28
5,10035,14387
5,42,83
5,42640,46274
5,40708,47029
5,33841,40133
5,218,427
5,15,26
5,19306,27748
5,15938,23265
5,228,466
5,7729,10509
5,13,32
5,1933,6428
5,49,121
5,11084,13018
5,388,1027
5,93,246
5,12,40
5,14953,20744
5,141138,109450
5,167,326
5,39683,51537
5,15012,20076
5,12967,17238
5,45,81
5,480,1354
5,63,193
5,8066,11612
5,33724,40762
5,9,22
5,17048,22596
5,8925,12657
5,13267,18044
5,19869,24965
5,47605,51063
5,38,62
5,25092,28738
5,27849,31823
5,745,1682
5,69,153
5,431,1089
5,121,417
5,11372,14854
5,952,2797
5,5897,8648
5,29342,34372
5,10079,14784
5,39111,40857
5,4304,6449
5,41478,45861
5,43,74
5,62,122
5,76,149
5,57330,62840
5,45120,49968
5,19995,24396
5,950,2638
5,8240,12287
5,14074,17259
5,9,11
5,222,419
5,55,146
5,97,363
5,32339,36034
5,99,183
5,71407,54623
5,51114,52835
5,75,123
5,12696,15852
5,6170,8360
5,70,142
5,69,181
5,19692,21301
5,526,1666
5,26,44
5,54310,54542
5,90,154
5,136031,112058
5,583,1405
5,32,79
5,25039,27218
5,13826,15452
5,76,125
5,33,89
5,64365,58343
5,52095,54527
5,40181,39440
5,20512,22452
5,1705,2892
5,57091,55655
5,14987,16328
5,1,1
5,109,218
5,52,114
5,54786,45500
5,0,1
5,10484,13053
5,392,1191
5,163,468
5,66586,70764
5,29937,31835
5,11822,15758
5,52,81
5,10462,12721
5,12482,14036
5,629,1457
5,55,125
5,129,454
5,14078,18273
5,17595,20629
5,118,210
5,147,355
5,7914,12541
5,48145,52442
5,53,82
5,6568,7888
5,10,13
5,309,880
5,15399,19996
5,60,113
5,35893,38773
5,885,2368
5,18,36
5,74,191
5,34,65
5,20034,24315
5,1260,2010
5,26,46
5,1632,3288
5,22,60
5,51082,50781
5,48595,49098
5,65,80
5,56,103
5,21165,13194
5,53859,52117
5,52341,33127
5,65,90
5,39,61
5,42,99
5,4301,1656
5,30626,14921
5,47513,23255
5,35619,32287
5,52774,49903
5,12,18
5,156155,76950
5,0,1
5,49172,51972
5,75,143
5,20,40
5,46187,51579
5,267168,121302
5,54,91
5,678,1633
5,3997,7592
5,36271,23514
5,335,806
5,76,219
5,179,480
5,22706,13896
5,54463,56313
5,0,1
5,250,609
5,146113,68161
5,64,93
5,8650,12167
5,25542,33463
5,51976,43151
5,59,86
5,96019,40742
5,104813,49176
5,0,1
5,42,75
5,14194,19230
5,53426,58743
5,1190,2490
5,589,1722
5,64,243
5,14788,18060
5,10455,12633
5,61,109
5,27,52
5,102515,99797
5,103055,91927
5,2097,2358
5,22461,25282
5,375,857
5,0,1
5,52,123
5,30871,33159
5,23288,24648
5,22443,26429
5,11017,13875
5,150,314
5,9772,13385
5,39,72
5,97425,90156
5,203,488
5,46963,45919
5,462,1076
5,28122,18905
5,125,226
5,58,129
5,94,229
5,23639,25500
5,3368,4690
5,158,522
5,126828,66146
5,291,631
5,58,146
5,60324,26325
5,80,139
5,45463,33131
5,13348,16156
5,46466,45627
5,72,127
5,21,39
5,303,824
5,129725,45076
5,60,113
5,14059,8771
5,29758,14586
5,19065,11228
5,49560,23696
5,64389,59099
5,38,54
5,7037,10861
5,1361,3565
5,23,44
5,14081,21105
5,11987,15895
5,67,114
5,12613,17178
5,1742,5231
5,8784,12796
5,15311,20077
5,6566,9460
5,3343,5616
5,47,113
5,15876,22399
5,14,34
5,21574,27656
5,14989,20505
5,136,248
5,35354,44053
5,11209,15011
5,3,3
5,27,51
5,53992,57347
5,11653,18530
5,15959,21515
5,511,1226
5,41584,44815
5,42927,48175
5,63,108
5,205,479
5,40,72
5,22657,31832
5,2448,3724
5,197,526
5,6630,9583
5,6207,9068
5,96,288
5,12476,20616
5,20,32
5,40307,45763
5,43315,46346
5,64592,73948
5,25537,29030
5,76,160
5,682,1833
5,8382,12828
5,120526,110971
5,35,53
5,41426,42494
5,31994,40236
5,18551,23079
5,74880,76866
5,79,137
5,1806,3142
5,7524,11332
5,0,1
5,61,135
5,27,56
5,7807,11485
5,422,1117
5,74993,32616
5,101,140
5,98,217
5,115,268
5,116465,55691
5,29737,38291
5,4425,6516
5,41,83
5,22,15
5,28204,36984
5,82,138
5,20641,26945
5,68509,74421
5,33893,37182
5,21120,26446
5,43,57
5,40289,43827
5,276,525
5,64,111
5,43399,45299
5,0,1
5,24,42
5,148,386
5,25123,29299
5,119,242
5,25683,32713
5,57,109
5,198,448
5,48398,53301
5,474,1139
5,1130,4410
5,27,64
5,36496,37006
5,18575,24036
5,18524,22770
5,19,23
5,79,151
5,51480,53373
5,351,743
5,11424,15247
5,3834,6166
5,12690,17199
5,21312,25129
5,21318,25770
5,34130,41109
5,313,754
5,6,12
5,49690,52289
5,23548,27521
5,9405,11572
5,461,1162
5,64,167
5,101,252
5,42838,42389
5,28,42
5,34271,40758
5,1429,2610
5,78,191
5,7647,11690
5,188,520
5,78149,80231
5,176,294
5,11891,16001
5,17651,23938
5,101141,96453
5,27,35
5,30,51
5,82,123
5,16963,22122
5,57312,66372
5,13580,17774
5,44402,47672
5,19272,23363
5,35518,38964
5,1083,2265
5,258,640
5,255,577
5,84,229
5,11368,15298
5,596,1597
5,33784,38129
5,13063,17271
5,45197,46956
5,37,47
5,91,151
5,22289,26284
5,4221,6762
5,18644,22400
5,67106,70480
5,43,63
5,1629,2861
5,34578,37924
5,17247,22242
5,280,573
5,40386,47959
5,405,1002
5,49975,47112
5,40623,42683
5,7586,9911
5,27428,30479
5,4526,6653
5,640,2331
5,40,99
5,23,49
5,9099,13429
5,82459,85739
5,12778,17636
5,47,71
5,38,74
5,27558,30278
5,0,1
5,11545,14527
5,52,80
5,89,263
5,511,1232
5,424,1337
5,17033,21361
5,67148,70394
5,0,1
5,18475,22398
5,41157,49249
5,29107,34715
5,37891,43583
5,19788,24319
5,13194,18128
5,10681,13932
5,9752,13119
5,88,201
5,9423,12976
5,37596,41893
5,130,247
5,6336,9990
5,13397,18138
5,22430,31354
5,17575,23758
5,16325,21728
6,26289,12881
6,85398,55354
6,1621,2628
6,52607,49609
6,114,193
6,52,119
6,149,312
6,37,77
6,13666,14955
6,20193,24363
6,1,2
6,30,48
6,24752,21052
6,52399,42547
6,94,134
6,51,106
6,7700,10734
6,3898,5628
6,51471,49725
6,347,580
6,17799,23022
6,284,739
6,6495,10467
6,26367,29052
6,26021,31575
6,142,289
6,75,121
6,1312,4078
6,263054,108369
6,48,91
6,29,41
6,128307,54517
6,20639,24218
6,80,139
6,101,221
6,59,209
6,1226,3495
6,58,151
6,134,548
6,34020,38233
6,57588,51868
6,403,986
6,165,537
6,39784,45345
6,3833,7961
6,5249,7772
6,29,47
6,35317,39552
6,25723,31364
6,133,310
6,33159,37774
6,63,107
6,16516,22514
6,12877,16196
6,261,706
6,14742,20399
6,18673,23214
6,35091,43380
6,39,61
6,9383,13189
6,746,2051
6,284,862
6,23336,29188
6,267,642
6,18845,23660
6,37,60
6,1362,3191
6,38,71
6,79,168
6,30754,36300
6,44943,47051
6,10700,14768
6,17991,23611
6,51,88
6,17015,21523
6,36705,46219
6,6324,9029
6,97,205
6,52985,64832
6,525,1566
6,15387,21602
6,117730,116063
6,48,81
6,222,552
6,9,20
6,42659,50448
6,73,132
6,344,964
6,17134,23455
6,15016,21353
6,78,146
6,721,2046
6,0,1
6,175108,112412
6,25260,27204
6,10539,13642
6,12441,16431
6,30,52
6,29602,34233
6,67712,65761
6,50619,46635
6,60,89
6,27614,28225
6,50121,51033
6,778,1585
6,225,656
6,41153,42098
6,71,117
6,35,101
6,22840,27726
6,18430,21847
6,23721,27777
6,1735,4510
6,31089,33910
6,49954,55835
6,67625,58590
6,328,39
6,37417,41222
6,15717,19226
6,979,2608
6,224,372
6,17801,21890
6,17949,18127
6,54012,60379
6,125,211
6,11,26
6,136,315
6,10072,16525
6,3,6
6,6151,9486
6,58,125
6,426,1380
6,68748,79046
6,25093,29286
6,67,119
6,5365,8607
6,34,73
6,194,521
6,89440,94635
6,20519,25637
6,34016,39968
6,16692,21164
6,6661,9051
6,390,1068
6,124,343
6,24,56
6,6003,9240
6,119,338
6,9784,13749
6,92,196
6,8,15
6,258,774
6,5,15
6,16088,19368
6,2540,3927
6,13383,17740
6,49451,47100
6,150,284
6,13437,17691
6,57,120
6,38,72
6,13163,16124
6,23434,28143
6,14497,19085
6,33435,33767
6,81,124
6,17224,21462
6,15363,20362
6,32,58
6,966,2553
6,53,139
6,36,104
6,36,73
6,5,13
6,14282,18294
6,17043,20830
6,19784,26137
6,225,493
6,39517,45260
6,111,185
6,39642,44337
6,32542,35956
6,66,93
6,27983,37415
6,61,93
6,50920,57960
6,108,185
6,11172,14149
6,0,1
6,14799,20816
6,51,73
6,21,37
6,35018,30504
6,1,1
6,74881,33083
6,727,1696
6,37017,14908
6,138317,56890
6,12582,6387
6,194,404
6,5,4
6,31406,24125
6,15589,17077
6,92,192
6,100556,85026
6,15,14
6,87091,55807
6,37,60
6,98,105
6,310,808
6,41,92
6,459,290
6,870,1845
6,9388,11725
6,43868,40431
6,0,1
6,871,2680
6,17160,20508
6,107630,76156
6,15491,13309
6,11,15
6,45,88
6,86113,56549
6,70,99
6,58246,47333
6,73,129
6,69,126
6,66,152
6,36,114
6,51,107
6,23,52
6,3221,4322
6,4,9
6,110,252
6,17241,20319
6,268,548
6,47440,50503
6,1467,2929
6,524,2029
6,45120,44489
6,51,80
6,4569,3020
6,51563,22942
6,35,55
6,18400,24553
6,394,1032
6,12631,17349
6,89658,43306
6,46590,22961
6,112,214
6,447,1307
6,38374,25649
6,233,572
6,31,63
6,600,1683
6,21584,24954
6,26,35
6,38863,24310
6,76308,46396
6,28654,33453
6,381,743
6,15580,21695
6,573,1460
6,128,224
6,55,134
6,0,1
6,131632,115574
6,28585,33795
6,73,102
6,177,420
6,56,132
6,107268,102159
6,68985,70081
6,414,949
6,104321,99173
6,80068,53125
6,53,90
6,517,1246
6,51,135
6,25,57
6,8814,13192
6,30,74
6,7229,9370
6,0,1
6,57186,41901
6,20793,23704
6,5869,7456
6,172,430
6,5425,7980
6,36687,51570
6,57512,60404
6,5081,7009
6,2003,5200
6,43738,46021
6,193,358
6,46,115
6,11492,15381
6,43821,46446
6,9637,12938
6,38401,40632
6,15067,19272
6,49707,53962
6,49,77
6,39588,43819
6,78979,82009
6,47298,47315
6,388,866
6,20,43
6,52408,57160
6,7567,10464
6,29370,33790
6,60942,62346
6,134,278
6,41324,46885
6,20509,26477
6,61,118
6,61,138
6,33,65
6,99150,101146
6,14248,17921
6,19,31
6,88,176
6,36,104
6,40856,45920
6,0,1
6,131936,66868
6,110,233
6,33760,17376
6,401,770
6,47089,28080
6,119,216
6,30256,33336
6,34137,38848
6,167,307
6,41,83
6,1507,1226
6,36,132
6,12464,19781
6,52725,52953
6,12901,14884
6,79612,81134
6,123,240
6,22012,25517
6,22,32
6,80,136
6,32076,35252
6,46870,47643
6,228,403
6,38,78
6,4,9
6,278,813
6,123718,99372
6,103109,81641
6,42678,41337
6,31470,34694
6,20,32
6,7145,10357
6,531,966
6,123,329
6,13036,15630
6,32,54
6,30,51
6,84146,81924
6,111522,106990
6,83179,80265
6,80,123
6,17662,22581
6,43,70
6,465,1128
6,4737,7129
6,83,212
6,9169,14091
6,43,31
6,59,142
6,14369,20463
6,129,242
6,52372,54291
6,424,1136
6,14550,17579
6,144758,72120
6,69961,52666
6,7,5
6,52942,24141
6,138863,60434
6,34169,35855
6,40135,42010
6,14392,18691
6,19161,21056
6,16046,19259
6,116,276
6,82,175
6,1,1
6,37,88
6,6579,10592
6,27796,32691
6,70,121
6,39236,40920
6,95724,88338
6,36012,35793
6,21021,25337
6,3289,4562
6,18790,21852
6,27941,32521
6,62,105
6,82206,79746
6,121,188
6,34,86
6,4391,6189
6,56,170
6,39,76
6,26,55
6,29940,33593
6,399,952
6,22992,28167
6,63,96
6,18095,22249
6,7295,9625
6,25605,30814
6,772,1984
6,41,74
6,1229,4178
6,1,5
6,9352,14184
6,23762,28790
6,255,274
6,1496,1946
6,138,201
6,30186,35580
6,0,1
6,96,176
6,24049,28623
6,27497,34058
6,128246,109507
6,19150,24265
6,18158,20848
6,33,74
6,18127,21118
6,98,153
6,36,72
6,56942,56845
6,45752,44996
6,14775,18362
6,422,992
6,40,85
6,48,114
6,21831,24656
6,99,159
6,130,284
6,18720,20915
6,100,188
6,69686,74365
6,25568,31338
6,227,425
6,47,99
6,49621,49848
6,138878,120738
6,248,522
6,9078,14207
6,35,70
6,81697,90148
6,889,1928
6,9567,13611
6,17,31
6,6369,10990
6,10461,15021
6,14003,19463
6,9333,13661
6,144,361
6,42322,53857
6,50843,63831
6,43,72
6,9057,13923
6,69,174
6,369,1201
6,215,571
6,47997,62467
6,11,18
6,103438,111837
6,45579,76618
6,8372,16448
6,10586,21002
6,5601,11378
6,54737,104255
6,10108,22304
6,38267,79361
6,6670,15055
6,20,52
6,45442,102599
6,11242,24557
6,2631,6444
6,20,48
6,11370,29955
6,31345,74196
6,53635,119019
6,11522,26133
6,13,46
6,38,160
6,10,28
6,33,135
6,29747,68052
7,23928,12045
7,8,13
7,71,161
7,73380,40249
7,84,129
7,12677,14847
7,39,80
7,44394,37215
7,35667,34240
7,148838,109416
7,1258,3378
7,197,552
7,21433,24600
7,1674,4730
7,88,226
7,342,1276
7,0,1
7,9735,14564
7,24984,27011
7,106858,53771
7,0,1
7,257,580
7,0,1
7,44051,16859
7,110,190
7,103624,46182
7,84,124
7,540,1239
7,48481,47050
7,81708,79874
7,73913,75397
7,94810,90260
7,11260,15903
7,139,283
7,24205,23438
7,58609,60539
7,189,489
7,9404,11636
7,20718,25691
7,50120,49976
7,34,57
7,47991,53643
7,1569,3705
7,43,126
7,50635,54437
7,1292,3103
7,16051,21517
7,8355,11497
7,21753,26249
7,80,126
7,662,1554
7,102,294
7,35,92
7,13,22
7,3119,5391
7,12224,17051
7,11839,16128
7,11024,15107
7,163,352
7,24,46
7,1063,3831
7,1,6
7,85,298
7,50330,57063
7,124112,114689
7,19327,23500
7,46,84
7,9847,14106
7,11677,14955
7,7129,11047
7,46356,54955
7,87,155
7,0,1
7,30,70
7,27467,35656
7,207,420
7,50,103
7,82490,53814
7,27600,17375
7,19,33
7,151,416
7,358,1214
7,57,164
7,62,183
7,22,64
7,21,62
7,9898,13320
7,10600,14477
7,11494,15472
7,87945,83536
7,14422,17982
7,95,174
7,798,2553
7,4,6
7,12050,15259
7,32349,33888
7,120,289
7,40502,47843
7,303,691
7,63,125
7,43,78
7,29111,29991
7,298,655
7,25,62
7,36180,40245
7,132,240
7,59,125
7,48678,48565
7,51,83
7,38,75
7,33,69
7,35024,35339
7,45862,45108
7,159,409
7,405,1138
7,58,167
7,64559,60870
7,649,1359
7,21590,24784
7,18917,21852
7,82892,82471
7,26502,27056
7,49646,47445
7,50133,49297
7,97,173
7,16196,17627
7,43221,43136
7,66,133
7,85,169
7,73,158
7,14181,16609
7,82659,79345
7,104,171
7,10566,13124
7,20933,25555
7,84054,78783
7,14774,18937
7,2877,4322
7,47114,50690
7,48,71
7,14040,18447
7,289,644
7,56,166
7,156,579
7,14276,18119
7,19,44
7,24451,27950
7,39331,45547
7,14785,19446
7,18289,22815
7,25457,32239
7,17012,22823
7,50996,56686
7,53,81
7,15193,21044
7,335,615
7,27739,33236
7,257,553
7,22717,29273
7,24836,29736
7,70199,78064
7,2692,4204
7,71,157
7,3340,5664
7,46364,49751
7,241,538
7,36275,50638
7,54999,64451
7,5307,7371
7,99,215
7,40,113
7,31177,35939
7,5505,8591
7,102693,98922
7,10569,14878
7,16379,22026
7,69,139
7,24172,32116
7,137,280
7,51442,38435
7,66457,69015
7,479,1280
7,166,442
7,543,1711
7,37203,48995
7,51354,56090
7,155,347
7,181,477
7,152,420
7,57010,65586
7,457,1332
7,14307,21324
7,33,53
7,46,88
7,1759,5259
7,50,172
7,8928,13424
7,55770,52779
7,104,207
7,38605,23018
7,1364,4271
7,5367,8701
7,25062,32014
7,0,1
7,6673,9972
7,11883,16921
7,14333,19082
7,16279,21208
7,89,178
7,48873,55695
7,821,2466
7,17,35
7,1,1
7,16179,22517
7,27664,33745
7,22764,29037
7,133,298
7,406,945
7,9,17
7,60031,39782
7,296,602
7,17118,20681
7,4107,5931
7,37,63
7,62665,49860
7,256,549
7,53891,45189
7,73,120
7,13,23
7,987,2802
7,27720,29420
7,21026,24183
7,106881,42903
7,13,19
7,13938,16854
7,50459,52588
7,412,1118
7,190,669
7,11161,16546
7,347,781
7,0,1
7,501,1295
7,56013,24959
7,27,37
7,0,1
7,44226,17030
7,41072,15646
7,63,111
7,12876,6085
7,34221,23579
7,1,1
7,334,781
7,32302,32609
7,23917,24799
7,410,1195
7,50147,26243
7,27388,11701
7,151,222
7,66112,36750
7,112,206
7,0,1
7,19732,25337
7,18274,24318
7,27311,18356
7,47,66
7,20474,11136
7,134300,47348
7,26867,29991
7,94,114
7,80,116
7,9700,13657
7,64892,58577
7,25385,21060
7,11397,14241
7,365,860
7,15053,19897
7,163,356
7,108,383
7,12,19
7,7693,12302
7,19943,24915
7,97,222
7,11381,17987
7,1319,2207
7,77,232
7,42,92
7,6247,9901
7,5532,6008
7,84577,86035
7,38739,36328
7,26,37
7,12323,17716
7,176,347
7,60185,62883
7,154,266
7,22162,26311
7,22862,26509
7,13054,16988
7,1111,1775
7,44,117
7,35,70
7,9696,14336
7,67,136
7,23,43
7,64,155
7,61,146
7,730,1984
7,673,1953
7,12178,14941
7,17966,22035
7,37,52
7,15614,18953
7,14398,19214
7,51808,49084
7,23,38
7,28180,31250
7,312,675
7,46230,46314
7,84,167
7,25881,35923
7,51,79
7,94,167
7,711,1760
7,33,66
7,3598,5490
7,7687,11132
7,25335,28671
7,86,139
7,15,22
7,504,1255
7,38977,40596
7,21447,24557
7,71,118
7,37,64
7,728,2286
7,16454,20500
7,0,1
7,61,111
7,25505,27647
7,132,281
7,15187,18114
7,134428,121161
7,51,75
7,44,96
7,31385,36630
7,408,1057
7,4,9
7,23482,28666
7,0,1
7,32,57
7,25448,29593
7,37758,45828
7,49,75
7,1821,2911
7,41,108
7,886,2686
7,31,82
7,233,930
7,118,340
7,8242,11954
7,31831,37888
7,108195,45275
7,45,64
7,15943,15892
7,26476,32381
7,10961,13451
7,568,1625
7,477,1427
7,59783,68074
7,21558,29592
7,45706,49081
7,10044,13326
7,20865,26868
7,45911,46083
7,57,81
7,13089,19668
7,369,751
7,19,42
7,273,793
7,64,266
7,41662,44387
7,58035,58703
7,43947,48079
7,129,235
7,42,126
7,597,1621
7,26303,32435
7,158,289
7,46,86
7,337,1055
7,545,1939
7,44801,48704
7,61335,65461
7,53503,50662
7,74,121
7,39,67
7,15,31
7,32,50
7,160,410
7,40625,42907
7,109,130
7,9220,13966
7,2159,4707
7,109559,99726
7,83959,88592
7,78035,79928
7,108,184
7,533,1207
7,62503,70075
7,24797,27945
7,16596,20418
7,135,234
7,10711,13563
7,42880,41505
7,382,833
7,91,242
7,201557,112201
7,21496,24085
7,72,114
7,42,54
7,80528,50387
7,37986,43241
7,14,22
7,20332,25493
7,24167,16741
7,178,220
7,27720,19325
7,23522,29269
7,67872,62486
7,56,93
7,86,147
7,20,36
7,11101,14557
7,8542,11591
7,8453,12188
7,13326,18546
7,0,1
7,12771,17426
7,24,37
7,0,1
7,138,286
7,746,2189
7,6,6
7,15819,20127
7,19235,24719
7,17566,20712
7,12396,16835
7,18622,22428
7,11569,14666
7,53055,59007
7,104188,102755
7,105079,97491
7,17118,21770
7,25877,29708
7,42347,47168
7,312,739
7,41,76
7,37840,43750
7,12117,15611
7,310,692
7,35,68
7,388,1378
7,39963,47989
7,29469,34642
7,14039,18350
7,23185,27964
7,70,125
7,68,140
7,392,988
7,11544,14997
7,4332,6490
7,579,2105
7,3090,6735
7,1499,6015
7,10300,14907
7,3948,5880
7,42028,43296
7,579,1477
7,62,162
7,4808,7664
7,25,68
7,10714,14231
7,34697,43986
7,390,917
7,26,57
7,14201,17677
7,116,243
7,0,1
7,45,82
7,57713,64290
7,133,220
7,183,396
7,5559,7932
7,167,392
7,12537,16980
7,42,81
7,40570,46654
7,19972,23328
7,8756,10923
7,67,135
8,123241,63808
8,17109,18382
8,62,92
8,1,1
8,171626,110578
8,4425,5567
8,13620,14744
8,6419,7675
8,74732,74610
8,6105,8420
8,15302,17389
8,478,1450
8,20820,20681
8,116,215
8,13,25
8,205,507
8,53679,51784
8,20372,21780
8,13618,14054
8,34,54
8,22578,28707
8,15185,20518
8,26,38
8,38257,37972
8,291,788
8,7273,9185
8,27532,29622
8,5195,7644
8,39551,43425
8,70683,73840
8,440,1103
8,16,24
8,122,349
8,100247,102321
8,14979,18841
8,107,189
8,62,154
8,495,1342
8,81,207
8,22842,26816
8,21048,14291
8,8633,11134
8,3870,6084
8,14636,22193
8,24307,26328
8,59264,53289
8,15074,19745
8,66275,67356
8,25480,31657
8,138655,46795
8,5058,5544
8,517,1139
8,183972,95860
8,243,607
8,52,131
8,67,176
8,26177,30356
8,65,139
8,18292,24541
8,153013,57726
8,1461,3655
8,88,163
8,17,36
8,1,1
8,25233,29844
8,126,251
8,83,221
8,30,57
8,216663,86708
8,1599,3976
8,138,422
8,74341,28146
8,108344,107596
8,80,115
8,11423,15389
8,115,236
8,168,454
8,83,258
8,48,119
8,34,80
8,25156,31772
8,7088,9387
8,10541,14480
8,453,1369
8,52,184
8,36124,41446
8,102,171
8,31122,34405
8,10044,13654
8,33288,37375
8,30,48
8,8523,12472
8,20430,25126
8,49,84
8,167,349
8,34,69
8,400,1192
8,130944,118807
8,72,109
8,223,471
8,38,75
8,248,599
8,129,448
8,54,173
8,343,1134
8,533,1745
8,59319,66542
8,13846,18019
8,9,14
8,11162,15664
8,59975,69399
8,30901,36395
8,98,275
8,53713,61904
8,23706,28724
8,50992,50837
8,111,182
8,21,31
8,9,15
8,533,1594
8,90962,89784
8,8117,12840
8,87,178
8,11,19
8,6837,9729
8,51579,59890
8,29125,38304
8,137,260
8,9584,14649
8,12431,18176
8,27,45
8,76,162
8,55414,44917
8,177710,71739
8,23,32
8,64,99
8,285,814
8,53,117
8,52,144
8,38371,49488
8,9506,16346
8,174994,74263
8,53605,62696
8,103006,65304
8,46,64
8,93,178
8,113233,56219
8,380,957
8,42,105
8,47,87
8,14,24
8,401,1367
8,365,1599
8,30895,25556
8,50944,41217
8,54,82
8,683,1633
8,62507,38839
8,111697,82575
8,44445,32987
8,78,145
8,0,1
8,73,153
8,0,1
8,82,222
8,352,982
8,59579,41465
8,241,473
8,35003,23085
8,50,80
8,60,100
8,84,152
8,14306,14856
8,51045,44198
8,70,107
8,56450,53545
8,11313,13874
8,109,232
8,131030,112524
8,42991,43650
8,1926,6061
8,14934,17361
8,72,117
8,152,309
8,19,33
8,25,47
8,169,496
8,13179,17373
8,9184,10736
8,29,55
8,251,664
8,41329,45792
8,182,427
8,93047,90755
8,622,1904
8,28,49
8,43580,46008
8,50,65
8,128,282
8,24508,30885
8,538,1471
8,28072,33552
8,4491,6524
8,60,140
8,65,239
8,486,1797
8,54,167
8,2898,5203
8,5422,9129
8,12235,16450
8,294,712
8,9835,13590
8,72469,68448
8,51768,51474
8,131,207
8,46907,42196
8,610,1666
8,87,377
8,36933,41437
8,154,324
8,83,170
8,14091,19665
8,45264,50309
8,557,1303
8,252,618
8,15019,19168
8,56,98
8,8804,11909
8,43449,44312
8,41,73
8,11753,15551
8,1572,3864
8,0,1
8,1120,3935
8,44904,51313
8,45,75
8,32,44
8,53978,56716
8,46846,42100
8,21237,26185
8,120190,110054
8,51,83
8,50584,50367
8,58,93
8,37570,39445
8,373,995
8,40,93
8,53,111
8,33,80
8,31,82
8,95,258
8,183,556
8,169,687
8,13552,17362
8,7583,8934
8,50,98
8,41823,43956
8,61949,57372
8,76606,79210
8,0,1
8,5,4
8,32015,35494
8,145,249
8,35299,39750
8,18658,24400
8,24,30
8,588,1817
8,6249,9710
8,4093,6315
8,103100,101744
8,23672,28880
8,16690,20920
8,32,58
8,381,1037
8,134,364
8,26339,34696
8,7787,9770
8,477,1251
8,87,226
8,201,608
8,20570,24286
8,646,2048
8,47110,52115
8,4,5
8,967,2481
8,35447,37384
8,5718,7137
8,186786,114434
8,69816,25671
8,38466,21422
8,88836,91732
8,25040,19638
8,23617,25497
8,2893,3703
8,7149,10438
8,437,1296
8,12249,16605
8,29,53
8,76,139
8,39,64
8,32721,38290
8,38,56
8,7598,11987
8,9,14
8,42966,47410
8,49838,47350
8,91,141
8,67,122
8,10896,14564
8,72,114
8,67,132
8,56,140
8,34194,35997
8,705,1540
8,23409,26642
8,16381,21839
8,54440,48128
8,25558,27876
8,139719,111335
8,24754,27004
8,223,449
8,21650,24629
8,46537,47332
8,22,37
8,95189,81873
8,51,60
8,11830,14475
8,9153,11211
8,921,2027
8,11165,14930
8,136,249
8,102276,95002
8,79686,80568
8,16549,19884
8,38270,38080
8,13824,16485
8,124,294
8,17,32
8,42,100
8,1012,3199
8,0,1
8,44641,46913
8,41,67
8,94,178
8,19342,22013
8,17431,22134
8,0,1
8,852,2301
8,7959,10849
8,17,30
8,15795,18580
8,12770,15130
8,25,58
8,28,50
8,45155,44817
8,54176,53434
8,56,82
8,90,149
8,144805,122616
8,11117,13881
8,214,490
8,508,1980
8,21,40
8,22098,24296
8,412,726
8,631,1144
8,108193,93025
8,101,189
8,4031,6143
8,304,874
8,37128,34627
8,8,9
8,846,1064
8,142392,117059
8,56579,51904
8,20079,12381
8,44375,40518
8,107,174
8,18518,20660
8,210,521
8,586,1634
8,18693,23028
8,11600,12681
8,41527,46268
8,51557,50525
8,12730,14955
8,10358,12955
8,410,851
8,23,48
8,21065,23671
8,75,117
8,9,13
8,13710,17217
8,2514,3920
8,27230,29904
8,45716,47014
8,75,149
8,14670,17376
8,14981,17320
8,24727,26816
8,92,196
8,244,617
8,17,36
8,21008,27542
8,50995,53229
8,54,87
8,50,91
8,0,1
8,128,312
8,15526,18891
8,19483,23140
8,30379,36115
8,28,48
8,1196,3777
8,79124,76092
8,208,391
8,3999,6309
8,45185,45466
8,2341,3213
8,56,135
8,190,142
8,24,44
8,50031,54250
8,66,88
8,12724,16421
8,204,526
8,25,51
8,481,1191
8,110,294
8,78,276
8,31,84
8,69627,65793
8,100,155
8,42062,46141
8,252,492
8,42254,48034
8,411,990
8,81,261
8,873,2616
8,65,190
8,212,862
8,196,489
8,165,523
8,34,89
8,65111,62649
8,43,76
8,148,346
8,37206,42600
8,139,299
8,26959,33583
8,28347,36744
8,175,451
8,12962,18529
8,250,575
8,12455,17570
8,45200,50440
8,55,87
8,27302,35232
8,24381,31806
8,3635,5328
8,398,1356
8,45,112
8,114,293
8,47103,55210
8,46609,53546
8,359,808
8,42003,51008
8,100,186
8,503,1248
8,41835,55084
8,61,115
8,114,303
8,38226,50142
8,38858,48349
8,3790,5945
8,524,2072
8,18973,26888
8,66,145
8,67,143
8,12742,25903
8,11293,20349
8,15807,30461
8,110,260
8,12,21
8,27466,52304
8,67,148
8,25,55
8,56061,101094
8,0,1
8,30,62
8,32350,65422
8,15104,30772
8,39252,86485
8,17369,38596
8,8,10
8,2770,7120
8,8532,19820
8,25346,61189
8,15053,32819
8,30,98
9,43305,21094
9,436,924
9,86523,51729
9,17514,16959
9,968,2246
9,94,243
9,47,79
9,3486,5749
9,14335,15591
9,56602,53027
9,118,223
9,40685,29891
9,127,230
9,105753,94060
9,94,161
9,13940,15264
9,79410,81486
9,302,613
9,7929,11627
9,38656,46635
9,50281,54280
9,10561,14654
9,45250,48818
9,69138,76583
9,66894,75544
9,37090,47480
9,40405,45579
9,9867,14448
9,55,96
9,955,3314
9,169,469
9,2707,4922
9,55180,67465
9,24608,32110
9,2417,3688
9,6314,9361
9,20620,26654
9,1,1
9,10506,14778
9,42893,46384
9,67776,69447
9,19435,24023
9,38567,46953
9,45081,54452
9,37072,44318
9,206,387
9,150,533
9,8344,12880
9,14428,20576
9,77,154
9,90320,101457
9,148,338
9,225,719
9,57236,68907
9,14666,20317
9,176,483
9,8527,12772
9,81,162
9,746,2036
9,8,17
9,84739,96681
9,11727,15433
9,20568,25699
9,8824,13197
9,51323,58481
9,65857,58454
9,4018,6631
9,23889,30807
9,32753,35064
9,10912,16891
9,3238,4548
9,508,1456
9,41777,45240
9,16519,21808
9,6481,9646
9,6046,9962
9,155,408
9,80082,84204
9,127,233
9,53270,60006
9,10562,14447
9,0,1
9,7800,12420
9,16182,20655
9,12003,18097
9,18189,21966
9,10797,15366
9,32,44
9,297,441
9,50832,57728
9,39779,48265
9,61,109
9,36,64
9,10790,15966
9,0,1
9,25,48
9,35321,42503
9,44,72
9,38,66
9,8124,11994
9,69,156
9,22,40
9,20872,27698
9,102,192
9,75,168
9,28,48
9,89424,99107
9,214,519
9,1097,3611
9,365,1315
9,46691,60404
9,92,161
9,91,199
9,22281,25806
9,27,46
9,5603,8620
9,51,115
9,41156,48183
9,14,17
9,22,28
9,363,822
9,57543,49767
9,25,35
9,8019,11335
9,908,1704
9,27684,36230
9,329,888
9,205,611
9,63631,64282
9,87440,96357
9,23,37
9,363,914
9,31,61
9,43,152
9,39,108
9,18337,24286
9,60,98
9,29610,40284
9,230,480
9,504,1584
9,7894,9730
9,14669,14408
9,369,522
9,30,99
9,13065,18551
9,95,210
9,3904,6340
9,17070,23393
9,40510,46735
9,17560,22740
9,24855,34564
9,1903,3758
9,278,709
9,2,6
9,38589,44197
9,259,615
9,14861,20546
9,1039,2913
9,32008,44261
9,161,310
9,26,51
9,12247,17118
9,7926,12419
9,329,830
9,21817,29229
9,43325,47096
9,207,382
9,38,82
9,10756,16257
9,18563,25153
9,49982,50554
9,5083,6904
9,100,244
9,79,180
9,51989,59342
9,509,1282
9,10794,16688
9,22758,20818
9,21122,13142
9,79,141
9,163,409
9,36,99
9,255,750
9,25431,14363
9,93,179
9,17112,17988
9,4,6
9,3588,5472
9,8916,13050
9,13230,18760
9,748,2697
9,137,392
9,526,1682
9,16766,23212
9,36029,42618
9,39,90
9,55,89
9,7644,12511
9,467,1650
9,112,337
9,44,113
9,20,71
9,102,363
9,29930,19222
9,39138,18712
9,28016,15170
9,107444,40329
9,52508,26467
9,10,23
9,51945,24716
9,0,1
9,60594,29654
9,55,76
9,113465,44389
9,107812,47321
9,7898,12249
9,35,76
9,1,1
9,38810,46754
9,118,225
9,35532,41890
9,8370,12282
9,82,188
9,122,304
9,1064,3128
9,1,1
9,124,295
9,611,2105
9,45,117
9,8508,12637
9,50706,57964
9,7149,9662
9,29611,34709
9,25842,33788
9,362,952
9,36937,44943
9,20962,27937
9,18192,26044
9,0,1
9,45,75
9,33,57
9,61,123
9,47841,60906
9,14371,20921
9,52,109
9,10868,18039
9,8625,12363
9,35,67
9,136,298
9,95,332
9,39,109
9,36,87
9,30076,36702
9,102,175
9,742,2368
9,62,188
9,101,391
9,48816,55132
9,45938,52368
9,25,47
9,613,1776
9,88,269
9,26756,32885
9,7827,11460
9,53579,58534
9,85,160
9,147,315
9,63309,77683
9,51,85
9,47834,30842
9,270,535
9,17523,24438
9,53882,64739
9,10967,14690
9,11216,15765
9,54,108
9,51437,45264
9,18024,23604
9,5214,5369
9,31790,38955
9,245,623
9,19788,25568
9,2647,4607
9,54,162
9,314,1049
9,94698,87492
9,113293,52421
9,40,67
9,166,315
9,1277,3766
9,5336,9950
9,258,687
9,67,265
9,209,993
9,35318,42935
9,1,1
9,47003,55527
9,30,53
9,166,361
9,41601,48703
9,67425,52278
9,35,43
9,71444,45494
9,48,84
9,16,12
9,42019,48329
9,70,115
9,14251,18126
9,46383,38720
9,120,232
9,62,132
9,32459,19917
9,18372,10305
9,125628,47125
9,101932,42168
9,124412,51941
9,93386,81269
9,74,140
9,54518,67643
9,295,478
9,51001,60981
9,32,55
9,7945,12078
9,79781,36494
9,79046,35896
9,13,18
9,96265,44990
9,129700,50433
9,4026,1428
9,29613,16488
9,3615,503
9,464,1470
9,195,719
9,141037,79425
9,25638,30946
9,13747,17950
9,14,19
9,43505,29281
9,112420,54025
9,180,393
9,53591,62997
9,66,132
9,1294,4495
9,45142,51675
9,72243,72851
9,12602,11828
9,21769,26743
9,444,1068
9,52,175
9,5884,8136
9,113,348
9,36940,44969
9,110,210
9,29647,30648
9,24822,27543
9,46,54
9,34892,36818
9,377,802
9,6603,9897
9,40224,46222
9,7664,10603
9,18314,21483
9,0,1
9,27595,29795
9,80963,87443
9,5328,7962
9,671,1802
9,36,99
9,112140,108560
9,12,14
9,48796,49562
9,22778,26138
9,34350,33993
9,43080,42252
9,436,482
9,2,3
9,38000,39430
9,155,304
9,50,101
9,13917,15385
9,76953,78501
9,35019,36105
9,21477,24507
9,141791,118588
9,523,1233
9,0,1
9,1,2
9,49981,50393
9,48930,51141
9,660,1814
9,51,102
9,196,665
9,410,1200
9,6280,8670
9,866,2882
9,45,103
9,142,395
9,9145,12078
9,55,102
9,69,169
9,1,1
9,191,657
9,152,611
9,96,278
9,136,361
9,119,107
9,16,40
9,439,1452
9,57526,46874
9,183,355
9,4043,5446
9,59,153
9,21172,24137
9,61,116
9,63399,64476
9,8055,10389
9,83,142
9,121273,109357
9,52322,55274
9,37,59
9,103,181
9,41358,45230
9,22155,25944
9,18757,23075
9,7622,10194
9,1462,3451
9,37856,41257
9,56,90
9,39,57
9,25,43
9,21093,23671
9,18209,21844
9,66519,66058
9,186,320
9,28924,27944
9,29210,33086
9,440,1066
9,32026,39457
9,103,175
9,76,132
9,35,45
9,42335,43242
9,0,1
9,14671,17795
9,1,1
9,32820,33489
9,236,442
9,0,1
9,46,86
9,614,1493
9,343,961
9,46790,53257
9,62023,66515
9,0,2
9,16838,20542
9,414,1121
9,125891,110536
9,21561,27956
9,50,75
9,11659,14654
9,30446,42434
9,0,1
9,20119,28904
9,21156,32676
9,17,29
9,648,1427
9,46,201
9,34648,53131
9,28565,43316
9,665,2246
9,303,955
9,43,103
9,7201,14048
9,1,1
9,7566,15407
9,29434,44500
9,113,327
9,0,1
9,34109,51842
9,42431,61944
9,129,282
9,26651,43377
9,20580,34652
9,20715,35393
9,1,1
9,384,1341
9,7225,15936
9,18337,30068
9,35,59
9,32072,55260
9,99,239
9,52,160
9,32737,56007
9,374,1371
9,33954,47664
9,541,1988
9,36462,53958
9,61,152
9,14008,24422
9,45787,68374
10,135,87
10,97745,41122
10,8,16
10,7,16
10,875,2207
10,40962,41666
10,68,75
10,63,120
10,12742,15073
10,42239,36108
10,14873,19271
10,40182,32657
10,108,107
10,92,95
10,99,100
10,60,92
10,17688,20597
10,11066,12284
10,43098,51821
10,23725,26506
10,923,2424
10,314,1358
10,4876,7703
10,7952,12137
10,33461,36626
10,106850,93604
10,279,766
10,35628,38116
10,607,1228
10,412,849
10,47220,51917
10,65094,73034
10,55,101
10,135175,116778
10,130978,116560
10,136,216
10,236,519
10,32,84
10,19,36
10,1978,2863
10,106085,94226
10,29775,29598
10,11980,17326
10,34930,37637
10,46,69
10,45050,45386
10,69,108
10,20737,25672
10,32350,35552
10,2,7
10,56009,49839
10,5032,7468
10,69,153
10,19702,25476
10,39026,42744
10,39,59
10,16081,21771
10,39308,39837
10,0,1
10,12306,17678
10,153,327
10,9,15
10,63,90
10,179103,111731
10,28073,37805
10,251,555
10,3619,6353
10,11989,17461
10,62,148
10,17979,25983
10,97485,99809
10,32799,39562
10,41202,44857
10,373,821
10,30240,36220
10,38583,44034
10,123,238
10,23,52
10,17664,22878
10,81,164
10,261,633
10,9978,14416
10,6089,9527
10,116343,93352
10,0,1
10,64284,58459
10,28,37
10,75,139
10,101593,96661
10,56079,61149
10,145,272
10,487,800
10,62990,67929
10,1632,4912
10,21,45
10,8322,11523
10,58042,62602
10,21560,25574
10,79,156
10,64,129
10,40009,46918
10,16,23
10,55,116
10,243,577
10,14462,18187
10,85,137
10,39564,40930
10,37250,35862
10,119101,111860
10,105,185
10,126212,112796
10,13833,15483
10,8426,11540
10,191,382
10,22,56
10,26759,31089
10,18235,21875
10,12017,14007
10,41333,42665
10,2128,2983
10,34,69
10,45588,42795
10,789,2087
10,120,371
10,11586,15061
10,11168,15149
10,503,984
10,19,36
10,6026,6862
10,10719,13978
10,21749,24867
10,8068,11697
10,139,307
10,21561,24396
10,78,98
10,11,18
10,52,123
10,46447,49408
10,16899,19524
10,1,4
10,1208,3121
10,42,107
10,2013,1611
10,280,884
10,422,1258
10,77,196
10,27,77
10,739,1501
10,117,361
10,189,571
10,54766,54412
10,36308,36812
10,10138,12266
10,118453,106538
10,1092,2709
10,13476,16734
10,57,118
10,37782,37821
10,169,349
10,71,144
10,15476,19628
10,29312,23832
10,76,108
10,12,20
10,18818,21118
10,43,94
10,48578,49592
10,348,783
10,27680,33201
10,39163,47947
10,128,260
10,11381,15603
10,46025,49671
10,31869,34136
10,52,77
10,159,361
10,11753,16831
10,11844,16502
10,24,50
10,67293,69640
10,49,82
10,94,192
10,43,98
10,14838,19456
10,15949,21055
10,624,1586
10,45312,48947
10,32173,36110
10,21,35
10,16018,24120
10,99362,96890
10,10753,14423
10,26111,29333
10,78,110
10,452,270
10,12017,18086
10,40251,43608
10,55,74
10,11820,14864
10,97,242
10,14014,19322
10,122401,86974
10,30059,16528
10,22084,25570
10,34,45
10,22220,18741
10,76553,27896
10,353350,111418
10,275776,88534
10,41,48
10,584,1288
10,50,102
10,60272,20946
10,103034,31513
10,95232,46664
10,25,31
10,116311,60346
10,74,109
10,0,1
10,72,135
10,41,96
10,1537,4763
10,20919,25881
10,53,83
10,53649,64149
10,19999,24877
10,559,1386
10,14,24
10,95585,87350
10,19403,25687
10,32458,36888
10,43,74
10,36,67
10,106,208
10,22536,27743
10,18763,22331
10,51484,54977
10,495,1166
10,561,2116
10,32,82
10,12,24
10,27,90
10,97179,96812
10,72,116
10,5885,9616
10,64,139
10,77,162
10,9445,13679
10,0,1
10,18239,21000
10,18170,17007
10,0,1
10,46551,38660
10,83515,77509
10,90,128
10,11,19
10,968,2793
10,41007,45639
10,100,206
10,108,276
10,28645,33050
10,33060,36954
10,11779,15277
10,94390,80076
10,1344,3217
10,314,909
10,8840,11522
10,82283,77845
10,146,251
10,495,1499
10,727,1565
10,43471,36490
10,11715,13677
10,19,47
10,1160,2728
10,41864,41753
10,14916,16377
10,104,195
10,269,742
10,49,105
10,69391,63223
10,158,289
10,96,112
10,623,1721
10,23875,24850
10,20104,23578
10,58104,53769
10,98559,92910
10,90,173
10,22246,27113
10,18709,23323
10,13017,16180
10,27418,28548
10,51,79
10,15005,19274
10,295,633
10,0,1
10,65,118
10,57448,55151
10,1,2
10,19507,22849
10,112,244
10,1249,1901
10,13961,17286
10,4,7
10,399,959
10,26146,30574
10,3766,5750
10,4320,6370
10,57,88
10,20069,29887
10,55210,52328
10,72,129
10,404,1000
10,44183,45194
10,9348,10669
10,34141,34657
10,8568,9940
10,51070,46393
10,16857,19482
10,114,198
10,210,467
10,14811,19257
10,30,52
10,86,179
10,7,13
10,644,2078
10,34025,43600
10,12731,15651
10,60,101
10,27773,31481
10,90899,90264
10,59792,64947
10,51919,47640
10,235,575
10,82,153
10,112,233
10,27371,32372
10,964,2673
10,3134,5684
10,88149,87727
10,21858,24787
10,512,1012
10,18339,21863
10,1022,2318
10,12314,20827
10,56,96
10,57,112
10,43588,46384
10,1124,3334
10,49275,49246
10,54,87
10,27,42
10,14,23
10,11975,16822
10,54,96
10,62025,68197
10,51346,49828
10,86,129
10,12772,15522
10,47308,47073
10,30,42
10,11324,15018
10,147,294
10,14266,21139
10,13020,16805
10,430,1171
10,55372,54767
10,8097,11503
10,52,97
10,24,52
10,1,1
10,1597,5912
10,28459,32727
10,20991,24419
10,933,2547
10,83,190
10,27,65
10,84,201
10,1181,3500
10,100394,93611
10,10809,14059
10,18137,23228
10,42,66
10,55028,55376
10,526,1261
10,27,73
10,11355,14232
10,14376,18105
10,86881,86272
10,79,122
10,10897,13954
10,43840,42674
10,11412,15588
10,44023,50179
10,11185,13439
10,16140,19772
10,59,91
10,17699,21106
10,19379,22852
10,1891,3640
10,15373,17846
10,89606,77996
10,56412,54290
10,94,157
10,4762,6468
10,43915,47058
10,7361,9712
10,32957,37741
10,41396,43551
10,127,204
10,98,217
10,2,2
10,9563,12035
10,24,34
10,297,615
10,5684,7712
10,9956,13021
10,25568,32468
10,49024,49404
10,50196,55245
10,428,937
10,35774,41088
10,11020,15617
10,140,282
10,35,84
10,183,433
10,33,78
10,36,73
10,226,745
10,54,161
10,127,279
10,65,197
10,1,1
10,44,116
10,43940,53634
10,13231,16269
10,45,72
10,25593,30055
10,44560,50266
10,39,55
10,46816,54809
10,9402,13269
10,14733,21229
10,10269,13542
10,513,1261
10,76,191
10,236,744
10,73,176
10,47108,53049
10,78,156
10,91899,97713
10,8,11
10,48,87
10,0,1
10,129,280
10,7408,12783
10,104,274
10,334,1320
10,5962,13350
10,1006,2229
10,74,426
10,0,1
10,5355,12063
10,10456,18301
10,49,154
10,81,265
10,115,368
10,8502,15410
10,29214,47796
10,12732,22772
10,32164,54036
10,49,96
10,30246,48774
10,4926,9773
10,12330,23977
10,16766,28852
10,15334,26080
10,97,318
10,28,65
10,872,4016
10,29098,46513
10,14387,25126
10,201,666
10,18681,33245
10,305,1128
10,32343,55947
10,70,191
10,8261,16630
10,13604,27385
10,9119,17094
10,76,222
10,0,2
10,25564,45369
10,7865,19472
10,12893,30937
10,5432,12202
10,9065,19781
10,1674,5573
10,8085,18262
11,50616,24093
11,138,149
11,132,227
11,14287,15818
11,10025,9291
11,482,957
11,1518,2973
11,67,87
11,2,3
11,527,761
11,17080,17846
11,47566,45998
11,112,286
11,12,16
11,10211,13010
11,126678,96734
11,451,1075
11,166,496
11,339,784
11,45559,39476
11,18418,17822
11,49,113
11,73099,55400
11,142,227
11,53,113
11,116,335
11,1102,3056
11,30,69
11,8126,11657
11,112,259
11,853,2863
11,571,1669
11,94,253
11,48,116
11,99,326
11,111793,101958
11,108171,108264
11,129,237
11,47,90
11,5651,8264
11,18,25
11,80,182
11,18919,23634
11,535,1502
11,212,527
11,10399,15031
11,18895,25064
11,4486,5859
11,58,127
11,36262,38871
11,41335,47271
11,36,50
11,67,109
11,45,91
11,50481,55582
11,70383,55401
11,138,211
11,927,1666
11,45915,30282
11,570,1735
11,19,42
11,7311,5969
11,43607,19829
11,1875,3888
11,290,726
11,22661,20500
11,120,259
11,59855,46918
11,56236,25011
11,67235,44357
11,13629,17791
11,93,168
11,404,1057
11,5550,9543
11,14112,19098
11,10,10
11,86,159
11,14288,18702
11,285,620
11,0,1
11,95745,47352
11,5877,8238
11,38193,41383
11,21431,26494
11,54843,24718
11,47633,25419
11,210223,92017
11,34675,19450
11,30878,34571
11,148,313
11,6679,8793
11,53248,46787
11,55010,48939
11,20809,25325
11,82179,53738
11,41945,43860
11,197,90
11,58333,57363
11,30,51
11,6506,7590
11,117,223
11,28,51
11,17908,20494
11,2080,4417
11,30,67
11,100,233
11,4894,7873
11,84,188
11,22396,20045
11,96242,91455
11,23873,25570
11,54,72
11,42338,44257
11,96063,55534
11,51,92
11,252980,83494
11,573,1576
11,0,1
11,30570,18092
11,69,134
11,270,706
11,53,104
11,11851,16671
11,675,1815
11,7472,12028
11,13793,17693
11,5639,8096
11,452,1170
11,132163,53916
11,3642,489
11,235,512
11,361,847
11,64924,31277
11,11349,15177
11,70,142
11,19786,22858
11,54,91
11,72362,58740
11,488,971
11,364,1078
11,6357,9676
11,11158,15474
11,301,915
11,49607,57773
11,49,67
11,43,87
11,7105,10754
11,78374,74790
11,53303,56423
11,158,304
11,30,69
11,63,143
11,8,19
11,11317,14644
11,0,1
11,18,25
11,11762,15268
11,21,36
11,6388,9791
11,63,112
11,19968,25205
11,29,48
11,13489,16624
11,49235,47493
11,375,956
11,58,126
11,17,40
11,9056,12608
11,12858,16383
11,93,171
11,223,678
11,19752,26818
11,73610,77031
11,47870,45245
11,6,13
11,63,113
11,12810,16388
11,253,551
11,14172,18445
11,7,10
11,463,1301
11,43,104
11,330,904
11,30516,31699
11,53291,57477
11,10744,14355
11,101,196
11,274,818
11,3255,5279
11,243,816
11,2,2
11,8715,13667
11,0,1
11,30363,33834
11,1348,3563
11,31,93
11,14880,20640
11,8223,11696
11,42575,45804
11,21978,26509
11,10208,14108
11,83,189
11,15434,19777
11,62652,66324
11,94,161
11,42901,45013
11,283,486
11,12030,14570
11,45604,42807
11,138,242
11,30670,25291
11,16340,19449
11,948,2302
11,56621,59061
11,107202,99749
11,37,63
11,1303,2031
11,68,177
11,8628,11697
11,57262,56673
11,31543,33780
11,94,152
11,39920,40822
11,17373,20294
11,98,224
11,50731,57252
11,9957,12708
11,4568,6713
11,18334,22158
11,370,851
11,22726,25833
11,53,105
11,125469,109013
11,34200,38723
11,209,415
11,7199,10404
11,96,248
11,11552,16255
11,5115,7303
11,12817,16650
11,7098,8350
11,554,1420
11,1491,2967
11,4237,7068
11,55321,46356
11,149,307
11,30,60
11,108,239
11,98106,68199
11,22,31
11,335,709
11,17238,22263
11,42,67
11,95471,53858
11,83784,48621
11,58,124
11,26194,34717
11,1,1
11,67132,51210
11,125,214
11,40,83
11,7654,11261
11,37133,49427
11,27521,30376
11,40418,50298
11,64105,69580
11,38,48
11,52988,27471
11,80308,49131
11,279,727
11,6117,9944
11,3687,5669
11,43264,47617
11,149,263
11,7599,10888
11,79,160
11,31691,38426
11,770,2075
11,98975,103819
11,48408,55101
11,121352,114384
11,14735,19134
11,65,168
11,22236,27975
11,132,261
11,19,32
11,23533,30331
11,38166,47089
11,49535,53236
11,7471,10494
11,4417,6963
11,29677,35021
11,35374,40433
11,0,1
11,44034,53625
11,18356,23372
11,222,500
11,182,593
11,75408,82850
11,712,1990
11,43115,46124
11,369,837
11,22526,27390
11,36322,45409
11,38047,49749
11,59654,66453
11,100346,97036
11,13933,21231
11,115,239
11,19602,24925
11,25989,31450
11,10201,13270
11,17856,23047
11,35607,39777
11,87,120
11,45,92
11,621,1869
11,13758,20185
11,476,1059
11,18012,22340
11,321,761
11,16338,20629
11,1451,4672
11,24177,32786
11,12986,16871
11,16989,24215
11,25,40
11,63,134
11,116,304
11,19589,23901
11,649,1659
11,86,237
11,25,62
11,79829,83589
11,1,1
11,50275,56420
11,20022,23708
11,47596,51654
11,99924,97598
11,38568,43263
11,91,137
11,13498,18080
11,50,95
11,16237,21006
11,414,976
11,772,1707
11,14912,18617
11,57,113
11,157,344
11,889,1540
11,95,240
11,4200,6631
11,35,75
11,24,53
11,159,598
11,0,1
11,11933,16763
11,26,47
11,16222,19549
11,40851,47327
11,29,56
11,23945,28111
11,31,46
11,27,41
11,116,290
11,141809,108382
11,80,113
11,142,287
11,38476,38654
11,24685,31846
11,14291,19422
11,40433,45117
11,447,1217
11,14,22
11,44415,46269
11,9422,15968
11,30996,36252
11,96963,98440
11,147,249
11,303,738
11,58,135
11,622,1535
11,152,384
11,46046,47311
11,11880,15358
11,65372,74969
11,0,1
11,284,737
11,10797,14765
11,22686,26743
11,25267,32426
11,0,1
11,16,23
11,22,40
11,86,187
11,32,65
11,49648,59356
11,97514,92932
11,19852,23016
11,229,512
11,261,753
11,16188,21668
11,33716,40713
11,1557,2580
11,247,354
11,16071,22841
11,2637,3838
11,9721,13371
11,42764,46786
11,72,113
11,18213,22683
11,38445,40275
11,4803,6624
11,43794,46153
11,49331,51499
11,34001,38887
11,97,189
11,8492,11184
11,414,1081
11,47746,51174
11,46281,47743
11,23994,27264
11,342,756
11,21838,26430
11,39929,44139
11,432,1261
11,50,153
11,7668,12455
11,17139,22057
11,12645,17133
11,149,267
11,35959,41668
11,29430,34131
11,97,160
11,1566,2493
11,11925,17052
11,30039,31761
11,195,437
11,35476,39792
11,71,100
11,18160,22506
11,6911,9014
11,15239,20536
11,94,201
11,48,96
11,13,16
11,49,115
11,42073,47795
11,41098,46168
11,60,76
11,121261,113075
11,101238,99405
11,99,160
11,2113,3545
11,9965,13473
11,69246,72117
11,10068,13883
11,40914,45380
11,0,1
11,418,914
11,11383,15989
11,268,587
11,41570,48318
11,127,215
11,34070,39664
11,2059,4632
11,96353,110724
11,509,1389
11,39,123
11,19604,32834
11,1,2
11,13243,22808
11,434,1666
11,23308,40057
11,9028,16024
11,6305,11783
11,13456,26202
11,122,311
11,347,1591
11,39,134
11,10641,19276
11,2887,5562
11,186,861
11,346,1846
11,70,244
11,46,151
11,15838,26933
11,1475,4099
11,32818,50310
11,1,4
11,30,72
11,61,152
11,34271,51727
11,30554,49625
11,2784,5809
11,777,1544
11,424,1641
11,1071,5790
11,12002,21402
11,4441,8335
12,1995,1425
12,52192,23976
12,31,59
12,27302,23424
12,24568,23774
12,98,203
12,436,996
12,28,86
12,203,364
12,98,327
12,60062,45540
12,53082,52701
12,277,392
12,49780,37112
12,291,518
12,24288,31581
12,13142,11344
12,85,182
12,94783,82855
12,22916,27629
12,156,314
12,79,211
12,51925,43409
12,304,482
12,40,58
12,43,57
12,44245,49359
12,29421,33308
12,97,203
12,298,874
12,451,1502
12,120714,107752
12,22,31
12,10294,16487
12,52959,55194
12,128489,116230
12,16189,22708
12,99,233
12,63,137
12,8198,13200
12,57,129
12,50,98
12,21,40
12,66258,78173
12,53,77
12,12062,14986
12,801,2552
12,13,26
12,29449,34979
12,6,6
12,24918,32552
12,14658,18376
12,19,26
12,262,726
12,386,1376
12,3833,6025
12,37465,41026
12,44336,46576
12,102,182
12,43908,50555
12,85,155
12,25709,32469
12,53,73
12,299,659
12,7399,12192
12,79400,77639
12,51060,55010
12,49288,57591
12,52794,52429
12,355,862
12,45624,50235
12,36673,37693
12,41757,21261
12,61647,30377
12,16038,15744
12,45,76
12,41,70
12,20,40
12,48942,56544
12,12145,16806
12,586,1831
12,52804,50995
12,32960,36694
12,195,413
12,933,1602
12,90,228
12,16189,21435
12,60,123
12,68044,75656
12,1,1
12,11113,16846
12,21372,30467
12,13469,20358
12,19796,28595
12,50,84
12,8498,13274
12,8520,11729
12,31,47
12,20,41
12,92,211
12,48614,56957
12,61,103
12,561,1253
12,166,433
12,200,496
12,121243,114064
12,16112,21185
12,38604,45311
12,72185,78240
12,70397,76756
12,92,150
12,25179,28730
12,201,395
12,16514,21725
12,59282,49530
12,22,38
12,21643,27314
12,57943,59534
12,11298,15415
12,18692,22652
12,73245,69244
12,59,91
12,2969,4563
12,214,598
12,13184,17557
12,42207,38877
12,18236,24043
12,40441,41204
12,23346,30009
12,189,334
12,77,184
12,24237,29916
12,39636,43066
12,21152,26239
12,20295,24076
12,13219,17125
12,87401,84614
12,410,1041
12,18707,24354
12,10,12
12,43867,46865
12,11575,15759
12,74,97
12,1,2
12,29,51
12,59,127
12,123684,102559
12,38,53
12,3370,32
12,221366,109983
12,1136,2797
12,31,99
12,2064,3463
12,35,92
12,30,66
12,519,1604
12,10,18
12,10169,14288
12,28000,21376
12,23942,14933
12,0,1
12,169,281
12,62042,70496
12,62,97
12,40548,45473
12,36030,36274
12,91411,69556
12,11227,15234
12,13577,18609
12,654,2081
12,29,73
12,2900,4564
12,2691,5143
12,6172,9330
12,899,2829
12,62,179
12,10560,16268
12,7754,11266
12,663,2327
12,241,861
12,14,32
12,59,225
12,40513,24806
12,207,422
12,66913,45166
12,24,38
12,59,141
12,48,93
12,153,390
12,18592,24372
12,35,73
12,11699,15832
12,20107,28872
12,36,61
12,39,68
12,39393,44820
12,38984,42685
12,42,74
12,26316,31947
12,18958,24507
12,19960,25700
12,33517,38783
12,88657,86169
12,80295,85319
12,0,1
12,51,76
12,20691,24267
12,663,1623
12,2301,4075
12,138,388
12,74,179
12,821,2342
12,12278,17042
12,50,82
12,0,2
12,25311,29510
12,18590,24122
12,9643,12814
12,16208,18624
12,12699,16434
12,1480,4527
12,62,169
12,11523,15382
12,0,1
12,65463,68062
12,28373,33742
12,8392,10890
12,549,1480
12,81,180
12,116,301
12,41131,44677
12,50861,50286
12,7182,8610
12,20614,24273
12,254,471
12,16,40
12,13252,17999
12,16178,20665
12,20483,26229
12,43851,45815
12,0,1
12,165,295
12,13332,19026
12,31432,35449
12,89,171
12,28359,33065
12,49,77
12,208,445
12,942,2979
12,22957,36807
12,62,122
12,1,1
12,25,49
12,569,1446
12,22622,26725
12,144,307
12,53122,58062
12,43812,51430
12,31347,36028
12,194,389
12,89,201
12,759,1634
12,47626,52966
12,18784,23937
12,15672,19658
12,56,101
12,20432,24717
12,20868,26869
12,60,111
12,19989,26576
12,18566,21917
12,40111,45510
12,88808,83116
12,17968,22281
12,83,144
12,47,84
12,17,30
12,9,13
12,50910,56874
12,10823,12719
12,71,169
12,16,31
12,181,420
12,1622,4828
12,44,96
12,21275,26931
12,413,1120
12,14024,21087
12,6,10
12,131,235
12,64,117
12,3890,4777
12,67,140
12,1,2
12,31752,39270
12,91,201
12,33,82
12,20164,23175
12,0,1
12,114,147
12,588,1468
12,1423,5160
12,19878,25627
12,59706,55532
12,14803,19873
12,23,36
12,26731,31079
12,81308,84604
12,43123,44350
12,47550,49294
12,9,11
12,19873,23013
12,5723,7354
12,425,698
12,82825,80652
12,61,110
12,40753,39080
12,9628,13656
12,924,526
12,53895,58121
12,5,8
12,4235,5725
12,21949,26750
12,1784,5209
12,22542,26682
12,49,80
12,16100,21279
12,105,246
12,4,10
12,7,20
12,36,115
12,8880,11846
12,3961,6008
12,41,91
12,486,600
12,41509,42830
12,17294,21137
12,194,424
12,34618,36236
12,24039,27748
12,33,53
12,31058,36125
12,11853,15318
12,512,1647
12,130356,113499
12,730,2068
12,224,832
12,0,1
12,40,90
12,83227,81538
12,11774,14817
12,96,155
12,10240,14054
12,161,318
12,83,227
12,123,297
12,22659,26571
12,46,67
12,29294,35519
12,10509,12375
12,0,1
12,23905,25111
12,326,666
12,282,1087
12,51,115
12,29428,31728
12,53087,20932
12,192,353
12,4599,3645
12,473,1246
12,119,287
12,406,1248
12,6500,4739
12,24,60
12,18370,9509
12,176,337
12,48767,28768
12,141,216
12,261978,112703
12,89,136
12,15080,20454
12,35157,44997
12,813,2246
12,17832,23502
12,19683,23941
12,41496,49002
12,112594,98314
12,11147,14775
12,56456,61353
12,18617,21905
12,51,100
12,864,2051
12,38655,45995
12,0,1
12,48145,50793
12,14780,18857
12,27189,32893
12,28846,35248
12,35,50
12,119,227
12,8663,12419
12,55,63
12,44318,48408
12,385,835
12,202,743
12,81,237
12,21691,25835
12,12288,15927
12,43544,50019
12,110,192
12,40323,48139
12,39927,45000
12,421,1169
12,1405,4906
12,4,10
12,104225,108172
12,114836,110245
12,249,300
12,40901,47424
12,42628,45332
12,58,68
12,142441,123600
12,108,245
12,66,159
12,17212,22529
12,55671,57663
12,1773,4136
12,1346,5368
12,11,26
12,50,99
12,29320,31765
12,130,160
12,481,1304
12,52,114
12,4,13
12,87,187
12,28,80
12,55781,52446
12,39583,41524
12,53211,60417
12,52,70
12,8119,13584
12,3698,5221
12,39,88
12,232,654
12,87,363
12,316,947
12,262,728
12,73,193
12,0,1
12,0,4
12,193,864
12,1659,3216
12,52,139
12,11670,14748
12,68413,68624
12,85,154
12,65,129
12,247,757
12,66,159
12,39,100
12,77,176
12,19020,25306
12,84,152
12,52256,52490
12,3134,4671
12,286,801
12,85113,80717
12,26926,32437
12,55,79
12,414,809
12,21,53
12,53818,55952
12,26926,29117
12,13234,17919
12,216,513
12,18,28
12,52859,52924
12,14125,17576
12,549,1268
12,30478,38067
12,238,473
12,38,81
12,30,76
12,519,1403
12,47037,48065
12,8911,11529
12,570,1143
12,5882,9340
12,9050,12071
12,3992,7716
12,73,179
12,1,2
12,55238,64019
12,46035,54783
12,23,39
12,46215,46399
12,22163,26006
12,30252,35835
12,2132,3616
13,1208,1015
13,82,195
13,1308,1532
13,35657,17914
13,52371,33432
13,39377,33522
13,54,92
13,1612,2317
13,25901,29094
13,15,18
13,12707,14745
13,9,19
13,91,171
13,123370,96195
13,48807,54007
13,37374,37368
13,560,1264
13,25942,32901
13,7884,12081
13,60,120
13,16363,20681
13,1745,3858
13,129409,92910
13,29,60
13,446,1157
13,213,790
13,46,184
13,48,151
13,6295,4468
13,103,239
13,184,624
13,31073,15501
13,49625,24742
13,1772,5535
13,36153,43004
13,49789,55905
13,11253,16660
13,528,1030
13,38524,51060
13,21959,25941
13,98,192
13,43312,55736
13,329,529
13,51,131
13,8615,11550
13,200,525
13,20089,25628
13,150,291
13,38929,42927
13,68830,59459
13,26,38
13,27,44
13,241,507
13,17399,20785
13,1482,4598
13,22673,27909
13,119,219
13,47,96
13,58,135
13,22929,29192
13,41910,47621
13,3652,4563
13,64,149
13,111,290
13,66,291
13,47,172
13,132209,112281
13,0,1
13,554,1351
13,67,163
13,644,2383
13,163224,115180
13,13242,17146
13,232,572
13,52,122
13,3404,6044
13,4571,7952
13,17887,23345
13,1,1
13,72,127
13,0,1
13,87959,90316
13,8027,10605
13,46403,51876
13,142552,115331
13,11,20
13,88247,88636
13,92,163
13,6527,9569
13,41257,47146
13,18671,22665
13,9995,15489
13,28421,31899
13,57,96
13,28929,33922
13,86504,89814
13,35954,39807
13,1573,4396
13,51,137
13,9,20
13,24762,31325
13,11779,16373
13,82,153
13,106160,95863
13,9966,13656
13,54,106
13,11,27
13,26555,27777
13,42588,43267
13,1139,2786
13,148,637
13,27985,30984
13,81,140
13,51,94
13,14886,17534
13,23234,27991
13,40608,43106
13,92414,88491
13,170,340
13,22070,23026
13,93,147
13,59537,40411
13,12179,15031
13,19,32
13,643,1937
13,57568,61983
13,49190,52629
13,1,1
13,56,87
13,237,509
13,74,159
13,356,903
13,40,91
13,29,68
13,41,56
13,53,135
13,21,48
13,22172,25975
13,110942,101058
13,74,119
13,45,92
13,40221,46394
13,168,376
13,12,21
13,26,55
13,25713,30768
13,1,1
13,6,16
13,129,237
13,33813,40041
13,70,87
13,297,759
13,41567,44270
13,100,178
13,35632,39324
13,83,124
13,14055,16968
13,420,979
13,42,118
13,44,110
13,80,210
13,7571,10379
13,66,106
13,18902,24757
13,10757,15188
13,260,494
13,114093,104979
13,22197,25739
13,15215,19165
13,196,554
13,117158,49040
13,52,79
13,28,44
13,13500,8111
13,32127,15874
13,65,101
13,63742,50140
13,16983,11158
13,20385,11643
13,56839,25757
13,102,174
13,1602,5217
13,323,1213
13,25700,13967
13,0,1
13,79,139
13,64,168
13,55943,44115
13,103428,46950
13,31061,22972
13,130288,110061
13,54,72
13,5401,8496
13,22130,26823
13,30124,37686
13,38,59
13,187,408
13,32,64
13,49,120
13,52928,56510
13,145,237
13,31814,38082
13,23268,27352
13,7407,11621
13,17,48
13,33147,37393
13,0,1
13,44186,46999
13,13923,18926
13,60312,68681
13,78,132
13,21,37
13,117450,103102
13,51,84
13,10079,14647
13,14372,15841
13,38411,40910
13,243,622
13,35,77
13,8888,13222
13,15208,19414
13,53259,63694
13,104,155
13,140,287
13,26,58
13,72327,81308
13,30287,35565
13,40250,46446
13,36,70
13,89,200
13,10523,14653
13,62,127
13,6578,9627
13,297,723
13,51,145
13,37,95
13,29405,35012
13,8045,12568
13,9210,14408
13,99533,96437
13,60,101
13,6484,9629
13,13315,17380
13,90,172
13,276,669
13,7241,10388
13,49228,56206
13,37822,43630
13,178,376
13,11049,15707
13,18336,22814
13,137,337
13,56580,48410
13,29847,34800
13,19234,25384
13,79,132
13,10,19
13,975,3403
13,9451,13620
13,26959,33817
13,148,285
13,296,974
13,36294,39903
13,87,151
13,3033,5182
13,27,60
13,19194,25135
13,27240,33912
13,46333,48222
13,87,148
13,22,37
13,736,1841
13,144,560
13,31789,39723
13,146,263
13,88,213
13,1307,4666
13,15015,18930
13,17779,21513
13,3081,4398
13,318,860
13,87,322
13,10145,14555
13,10163,13409
13,30758,37596
13,25777,32648
13,12529,15651
13,114,185
13,13811,17402
13,42,70
13,103,210
13,115712,110541
13,1261,3419
13,17503,23662
13,6598,8718
13,12574,16223
13,205,534
13,59237,68819
13,34956,42293
13,171,312
13,17091,21751
13,83977,85901
13,112889,110413
13,0,1
13,633,1527
13,42965,48380
13,42938,47911
13,22,31
13,47,81
13,75,129
13,281,905
13,20437,27061
13,0,1
13,13658,18849
13,43887,44038
13,81880,85212
13,65,115
13,47588,54737
13,13180,18372
13,45246,47761
13,57,80
13,40670,44164
13,24552,29840
13,6365,9096
13,27375,34627
13,6479,8370
13,53057,58243
13,36986,43469
13,340,913
13,16701,24600
13,257,555
13,140635,90343
13,17224,16674
13,450,1230
13,86033,37670
13,102,185
13,115,262
13,78625,49779
13,53,75
13,26271,34420
13,12114,17096
13,241,608
13,4104,5854
13,20,41
13,27785,15359
13,4085,1012
13,42454,22789
13,3777,602
13,210,486
13,389,1422
13,35,83
13,25640,15768
13,15624,11021
13,104,185
13,329,968
13,121242,48612
13,19,26
13,102,194
13,16485,21504
13,7143,9907
13,21002,24967
13,107,206
13,68908,55381
13,150,183
13,0,1
13,57017,44718
13,106453,65726
13,251,478
13,235,602
13,34,77
13,8682,12988
13,343,1116
13,64522,50731
13,13125,17768
13,11877,15565
13,15147,19254
13,16671,20763
13,0,1
13,4181,6609
13,54,135
13,28193,27526
13,29113,20413
13,26096,29477
13,58,90
13,34455,34486
13,33,51
13,16145,20351
13,14551,19644
13,65998,68613
13,99153,97722
13,52730,55535
13,10585,13935
13,7421,10174
13,133,422
13,39978,44728
13,13516,17550
13,13905,18073
13,62,129
13,15939,20644
13,25297,28161
13,37363,40269
13,66685,71189
13,71223,64260
13,14276,16001
13,555,645
13,17337,21890
13,329,980
13,137,357
13,37,100
13,131137,118359
13,17656,22032
13,71,89
13,21798,28027
13,18822,21914
13,468,1016
13,36,75
13,993,2734
13,17369,22695
13,56,94
13,17917,23215
13,90,173
13,56,123
13,219,569
13,10443,15696
13,60,107
13,19478,26705
13,143,288
13,90,205
13,13513,17625
13,24,40
13,49909,52706
13,647,1669
13,20519,25287
13,20,14
13,75201,74907
13,2025,2855
13,13859,17253
13,33536,40520
13,35548,40472
13,95,162
13,9307,12020
13,47694,49520
13,35,52
13,35722,43888
13,38,59
13,0,1
13,70,128
13,22920,27550
13,4458,6376
13,86,211
13,24842,30876
13,27014,31967
13,32658,34099
13,78,128
13,12703,15800
13,10305,13851
13,44958,47809
13,15135,17838
13,900,2908
13,11,31
13,55,162
13,137,462
13,11098,14577
13,23194,27126
13,44523,51052
13,84,127
13,32,85
13,29169,34264
13,87111,89938
13,1731,3873
13,39143,45373
13,43572,50164
13,67,128
13,85,171
13,43820,51401
13,2545,3585
13,13597,17844
13,63,142
13,59,175
13,296,764
13,47,113
13,23101,26505
13,48994,55965
13,41164,48203
13,12817,20707
13,8480,13149
13,88,193
13,106172,114229
13,570,1555
13,776,2923
13,36,85
13,41,113
13,40,109
13,562,2200
13,9623,15468
13,48518,62336
13,16292,22060
13,48,96
13,461,1126
13,7812,12688
14,22679,11678
14,31218,20042
14,376,769
14,256,418
14,78936,42450
14,114486,68487
14,566,950
14,17958,16871
14,138,348
14,71,117
14,49110,45374
14,16983,19948
14,12975,16383
14,1178,3410
14,88937,79090
14,14394,16811
14,45026,47699
14,186,487
14,0,1
14,29441,35764
14,24,37
14,19,27
14,35566,40267
14,51,99
14,81,187
14,10762,15803
14,2483,4962
14,126,407
14,18,38
14,45939,57175
14,4113,6875
14,2669,3497
14,9882,15156
14,214,681
14,8717,12816
14,19,39
14,2080,3221
14,1007,2836
14,80,261
14,165,381
14,35327,40192
14,44717,46066
14,28438,35311
14,49,80
14,4593,7875
14,264,681
14,16956,19890
14,64,125
14,65,191
14,946,3076
14,42398,49467
14,32085,35360
14,41191,45383
14,115229,113443
14,14153,17667
14,3916,5884
14,17333,22547
14,42666,45201
14,26755,28642
14,54758,48014
14,12580,15256
14,70,125
14,24494,30627
14,28,47
14,66,117
14,47453,54762
14,80,162
14,16,28
14,39,88
14,97282,93124
14,4167,5377
14,68,133
14,1849,4781
14,47677,52299
14,23142,28739
14,14,23
14,14,25
14,39499,44271
14,72,134
14,82,179
14,576,2048
14,56591,62414
14,135,284
14,16924,22526
14,150,340
14,41,93
14,409,1196
14,422,1618
14,30155,40658
14,50669,54508
14,74011,83110
14,774,2329
14,14,27
14,59,181
14,23576,28282
14,28358,32747
14,27379,15430
14,69,114
14,573,1339
14,500,1598
14,172,663
14,67181,35053
14,63,92
14,88186,54600
14,18639,24299
14,9911,13306
14,48,133
14,1447,3920
14,13824,19572
14,78,142
14,1099,2942
14,8914,13364
14,42025,49088
14,19495,23923
14,91,168
14,2299,3741
14,60701,38931
14,30,41
14,123668,36974
14,80534,58246
14,97,143
14,264,734
14,41352,14884
14,60489,22289
14,723,1403
14,1,1
14,4087,1923
14,11309,7269
14,15495,17365
14,23751,26995
14,21,31
14,29292,26048
14,45961,21698
14,41,42
14,46807,18636
14,55,91
14,37,87
14,85,170
14,141765,78536
14,82,147
14,26529,11753
14,118618,47203
14,14859,9129
14,19907,16871
14,45,80
14,227,493
14,65331,56706
14,61163,48492
14,39051,38792
14,126,226
14,62055,47489
14,74701,61215
14,106,185
14,61557,48498
14,51,81
14,29975,23480
14,123,220
14,447,1356
14,35246,18393
14,32582,21527
14,96076,44559
14,25160,18104
14,52055,32441
14,5439,3337
14,41,87
14,480,1351
14,105177,50534
14,23194,11889
14,60088,28572
14,112554,44680
14,94924,46148
14,10997,15584
14,8,13
14,45,97
14,29,72
14,35260,39659
14,62,110
14,49462,48365
14,2429,4203
14,133,233
14,34729,40390
14,0,1
14,803,1708
14,72,187
14,242,772
14,73080,54320
14,15407,8262
14,188774,113321
14,18135,24920
14,9875,13018
14,574,1864
14,39049,22613
14,40092,18425
14,281,760
14,203,539
14,82263,45025
14,1,2
14,31114,36956
14,266,162
14,8680,13049
14,68,156
14,398,1565
14,52,122
14,99,252
14,12670,18962
14,1622,3309
14,3153,6414
14,36547,41613
14,104,238
14,150188,124210
14,15411,20160
14,67,149
14,106,257
14,8071,11639
14,780,2391
14,30545,38534
14,301,652
14,81,195
14,32,61
14,40489,47245
14,26707,32418
14,17147,23829
14,11177,14630
14,0,1
14,3,3
14,25,45
14,263,235
14,49,110
14,4069,6249
14,97982,99915
14,15481,19911
14,74213,76115
14,0,1
14,139443,116681
14,21,43
14,4020,6186
14,8517,12844
14,0,1
14,15049,19783
14,251,525
14,12569,18228
14,18073,20781
14,103265,100626
14,23747,27533
14,77,144
14,0,1
14,6294,10615
14,371,765
14,35917,39664
14,117,202
14,8461,10917
14,941,2752
14,14402,18260
14,516,1131
14,57641,69157
14,51058,48119
14,30389,40815
14,20002,25242
14,1,1
14,185,364
14,37984,39791
14,19913,24825
14,84,150
14,51392,53559
14,4571,6817
14,18,30
14,441,1194
14,690,2552
14,60,141
14,41384,45523
14,73385,46924
14,24867,15557
14,4419,6957
14,16174,20726
14,111,229
14,0,1
14,11,21
14,95,244
14,109546,86521
14,101,175
14,215808,123035
14,18104,20508
14,371,1149
14,38,108
14,80,271
14,22543,25473
14,125,233
14,1648,2828
14,53,195
14,15715,19656
14,68512,67117
14,51658,46869
14,509,1157
14,32,61
14,56485,46233
14,102,120
14,52652,46746
14,10731,14165
14,108155,93864
14,630,1755
14,48517,43169
14,266,686
14,401,1369
14,7942,11087
14,14874,13996
14,30207,32400
14,100,177
14,176,469
14,32177,31431
14,0,1
14,259,229
14,72014,48043
14,38118,33460
14,57382,56051
14,21384,24896
14,23727,23424
14,954,2900
14,9087,11729
14,13,24
14,52,89
14,24894,23858
14,19732,19704
14,1860,4272
14,15347,18083
14,113980,94565
14,107,161
14,208,552
14,0,1
14,59200,62847
14,37,29
14,50714,45516
14,19286,21305
14,102093,89542
14,41317,39358
14,64886,56234
14,123975,103855
14,159,297
14,59,168
14,26,47
14,20695,22028
14,217,520
14,45609,42717
14,166,419
14,56827,52711
14,48994,42232
14,11733,12900
14,114942,94707
14,75,132
14,23821,27305
14,38,51
14,11508,15032
14,550,1280
14,68959,49253
14,79,100
14,13987,15422
14,0,1
14,1394,3549
14,12583,15191
14,21359,19319
14,471,1285
14,488,320
14,8957,10977
14,154,303
14,75,173
14,3541,5648
14,23837,26777
14,9772,11200
14,267,599
14,52750,54531
14,36,48
14,644,1568
14,110,339
14,69,166
14,47826,43250
14,0,1
14,153,246
14,12704,13784
14,19191,22474
14,44,77
14,38260,40111
14,540,1300
14,132,395
14,72124,64611
14,14542,16195
14,54791,47538
14,58956,48636
14,44987,42074
14,909,2455
14,22629,22172
14,144,258
14,37,80
14,412,1321
14,44615,40481
14,71,114
14,77,139
14,95642,81512
14,11399,11690
14,58988,50770
14,657,1751
14,23064,24722
14,88,133
14,69,134
14,74814,71104
14,60385,53754
14,264,468
14,53,174
14,550,1532
14,118924,109988
14,28,40
14,15986,22689
14,17,32
14,4741,7079
14,132,487
14,45052,51521
14,28,48
14,73,157
14,45937,53647
14,131,251
14,89282,98093
14,151,315
14,79,171
14,14561,20863
14,39345,46931
14,41256,56868
14,13205,18496
14,78181,88389
14,11247,15858
14,14,29
14,6338,10273
14,832,2310
14,36980,45186
14,12158,19072
14,36914,46473
14,41202,76449
14,12046,25257
14,72,244
14,221,1011
14,97,354
14,15003,29314
14,10,27
14,195,747
14,866,4567
14,26,88
14,199,958
14,1,3
14,10768,25135
14,80,231
14,0,1
14,14,34
14,24,103
14,72,261
14,7750,16670
14,12346,27171
14,46830,102828
14,13738,27951
14,25,55
14,23800,50622
14,418,1705
14,56,184
14,7,26
14,18,71
14,27436,56351
14,27,72
14,0,1
14,24571,47073
14,36,118
14,42,149
14,47,185
14,30269,73338
14,25446,56008
14,7724,18146
14,182,1138
14,69,291
14,7157,18075
14,14,55
14,20741,48990
14,3381,8339
14,973,2680
14,112,516
14,933,5355
14,41,143
14,78,234
14,13370,32616
14,5,13
14,14188,34488
14,90,405
14,4708,12392
14,175,817
14,5494,14555
14,1583,4251
14,73,317
14,6799,17829
14,35210,87914
14,22,83
14,242,1075
14,4213,11774
14,259,1551
14,22,88
14,186,848
14,52,292
15,4605,2238
15,388,1315
15,65,202
15,1191,2035
15,228,747
15,101,231
15,16219,12033
15,26910,19818
15,484,817
15,83,118
15,6041,7599
15,14,13
15,39903,29220
15,708,1878
15,1940,5572
15,81808,49867
15,40656,44131
15,55093,39717
15,15332,17565
15,34679,31296
15,35503,40438
15,44639,47021
15,20853,28116
15,29364,33977
15,74575,71444
15,31,53
15,134544,114418
15,819,1903
15,53660,20190
15,70475,24851
15,18,22
15,8363,12353
15,44902,48127
15,1285,4259
15,1402,5230
15,17315,23508
15,67777,69650
15,42789,46040
15,74,120
15,38,70
15,364,1044
15,52,116
15,101216,95763
15,93,146
15,30870,35063
15,35515,25970
15,41563,20047
15,49,83
15,83,158
15,44837,16141
15,95458,32828
15,78749,26908
15,25,37
15,582,1443
15,40,98
15,92750,35573
15,45,68
15,5,9
15,131678,47360
15,119,121
15,75812,26103
15,63,99
15,1768,5554
15,20856,20601
15,28,49
15,35,73
15,239,581
15,93,255
15,37641,39601
15,49021,49495
15,115491,66018
15,103,165
15,85581,38696
15,0,1
15,3032,4642
15,11,17
15,76968,66017
15,4281,6536
15,152,343
15,25,47
15,153,532
15,121,280
15,108,332
15,40342,48147
15,16725,21186
15,185,361
15,254,723
15,48629,46491
15,101,163
15,64,151
15,1467,5598
15,469,1466
15,9,18
15,37673,42308
15,0,1
15,181,346
15,396,1041
15,40,101
15,47,152
15,270,1002
15,177,732
15,9554,14041
15,37046,44074
15,12649,15697
15,8896,12618
15,18130,22594
15,7,12
15,47,109
15,31999,35222
15,45952,56066
15,15487,19833
15,65,111
15,66,110
15,31,56
15,50,110
15,10867,15307
15,456,1295
15,12819,17452
15,18483,22771
15,65781,71573
15,942,2032
15,92,254
15,12029,13966
15,82857,89948
15,275,622
15,41,101
15,99,262
15,29176,35903
15,73,109
15,67924,77761
15,14764,20032
15,23339,29551
15,26495,34332
15,127,305
15,15285,20649
15,160036,111250
15,70,95
15,66,118
15,24511,28365
15,56,101
15,565,1435
15,27,49
15,24,50
15,944,2906
15,292,943
15,16371,23196
15,4120,6142
15,419,1369
15,43506,49226
15,121677,108316
15,170,434
15,1703,2945
15,32,76
15,2,4
15,25288,34112
15,17776,23670
15,40,51
15,77511,58864
15,50548,58738
15,48255,53105
15,12584,16436
15,2228,3473
15,30,70
15,86,215
15,40770,46899
15,552,1296
15,75,197
15,65123,72477
15,37624,47162
15,526,1358
15,64660,72966
15,49711,49267
15,123005,54259
15,120258,48663
15,65766,31203
15,93508,46991
15,0,1
15,126,263
15,64,206
15,17180,24424
15,42911,50142
15,7894,14246
15,465,1448
15,21,48
15,26438,35016
15,101694,99936
15,16,26
15,45,76
15,41642,48278
15,16326,20888
15,117399,107783
15,429,1032
15,36400,41267
15,33569,40260
15,109819,106093
15,14800,19330
15,7505,10601
15,39461,47202
15,169,309
15,20576,25975
15,14941,19654
15,79,197
15,13516,19237
15,54581,61682
15,1896,5625
15,54,122
15,21433,28729
15,7819,12801
15,67,147
15,10061,14909
15,60538,68183
15,30,46
15,352,1027
15,56114,61128
15,82408,36586
15,73,126
15,88420,37373
15,203,295
15,12798,15000
15,99,186
15,28,57
15,248,745
15,64734,48971
15,7570,10277
15,255,165
15,204740,117731
15,34903,34182
15,0,1
15,30361,27183
15,44,62
15,8647,9030
15,11514,13720
15,77419,75229
15,34618,37713
15,0,1
15,30,50
15,31420,35841
15,20,25
15,60614,60443
15,153,255
15,581,1515
15,22,41
15,27885,30062
15,63,107
15,157,338
15,18,37
15,49,111
15,104,365
15,368,1360
15,41,107
15,256,864
15,26994,30005
15,17087,19886
15,3957,5769
15,19978,22283
15,641,1656
15,671,2187
15,69039,66257
15,64736,54733
15,47575,44439
15,7,11
15,46,66
15,17,26
15,1033,3274
15,18,42
15,22,45
15,0,1
15,60,185
15,74892,67494
15,128,240
15,56057,32713
15,162,351
15,21964,16777
15,527,1294
15,17546,22865
15,14073,19063
15,31294,38030
15,409,787
15,48,124
15,22184,30089
15,221,369
15,27,51
15,86,308
15,12621,18489
15,68,129
15,136,390
15,19525,27385
15,702,2121
15,15939,20972
15,114984,111137
15,547,1569
15,44,116
15,81509,88360
15,767,2236
15,11054,14866
15,15893,19388
15,804,1997
15,22,63
15,18,39
15,20359,27770
15,0,1
15,30270,35232
15,55564,60228
15,22910,27065
15,10098,15307
15,43,92
15,39780,48815
15,57338,60832
15,48,81
15,0,1
15,385,962
15,33899,36027
15,19942,26334
15,581,1534
15,0,1
15,16798,21888
15,43799,48699
15,58,94
15,31,55
15,181,409
15,22,44
15,4018,6011
15,17,45
15,246,839
15,19,51
15,60,215
15,1444,4811
15,1104,2080
15,40129,43558
15,33423,36745
15,4715,6819
15,16540,20952
15,983,2293
15,19131,24522
15,3768,5798
15,35345,45530
15,61726,63088
15,27,39
15,18859,24300
15,17356,20347
15,7158,9491
15,94,212
15,10324,13545
15,98,196
15,36,73
15,39117,41918
15,72,133
15,48,139
15,43,97
15,41799,51127
15,445,872
15,17919,22239
15,67,109
15,13,23
15,28005,31341
15,581,1650
15,51,141
15,42,110
15,29113,37449
15,123,273
15,22600,27889
15,16823,21211
15,28,38
15,63,107
15,13607,18034
15,24382,30063
15,90,155
15,31970,36911
15,7404,11923
15,24160,30723
15,17936,20893
15,46647,49650
15,64,121
15,5309,8061
15,45634,54329
15,41,73
15,28055,34822
15,40950,46992
15,96,145
15,16212,21058
15,20491,24574
15,93953,97824
15,1784,6286
15,75,159
15,424,1729
15,61,172
15,28,62
15,53942,55607
15,0,1
15,85,146
15,47108,53881
15,9850,14186
15,9533,12168
15,25241,29229
15,49805,54402
15,64019,73698
15,900,2092
15,17651,22544
15,10252,13334
15,91,241
15,21032,23836
15,641,1424
15,521,1812
15,22843,27535
15,19629,24713
15,4980,6788
15,27,57
15,14420,17782
15,12769,16787
15,13540,16816
15,29,48
15,51071,54831
15,216,404
15,5069,7325
15,16728,19174
15,10248,13771
15,33155,35204
15,9,6
15,26981,33361
15,11,16
15,500,1164
15,80,233
15,8051,10607
15,7435,10805
15,360,1185
15,10315,14158
15,21011,26027
15,109,172
15,40117,44167
15,123,210
15,35972,41042
15,8665,11726
15,63,177
15,1993,2656
15,1,3
15,30,56
15,26,60
15,56500,59225
15,522,1257
15,13060,16631
15,18837,22836
15,6258,9794
15,6194,9407
15,50155,50286
15,18449,21633
15,24414,31318
15,74,114
15,41702,47099
15,369,987
15,14015,18919
15,43,72
15,68821,69305
15,34920,38052
15,87,143
15,97674,98338
15,128,236
15,39037,42747
15,21009,25153
15,24,38
15,106,189
15,6172,9444
15,450,1190
15,15,27
15,38991,40002
15,44520,54222
15,89,188
15,31124,41346
15,711,2581
15,40,116
15,1779,3466
15,366,404
15,97,458
15,34,103
15,10418,17106
15,21,46
15,0,1
15,59138,72609
15,11766,16610
15,32193,43757
15,35229,46991
15,11917,18059
15,28026,40250
15,44932,57835
15,178,431
15,805,1949
15,12869,21266
15,45011,62699
15,48,126
15,23089,34815
15,32388,46172
15,20464,33710
15,235,738
15,15891,26312
15,54,117
15,5034,9380
15,43954,63772
15,75568,101829
15,15467,25625
15,2466,5145
15,31200,54192
